-- phpMyAdmin SQL Dump
-- version 5.2.0
-- https://www.phpmyadmin.net/
--
-- Host: 127.0.0.1:3300
-- Generation Time: Jan 06, 2023 at 04:51 AM
-- Server version: 10.4.24-MariaDB
-- PHP Version: 7.4.29

SET SQL_MODE = "NO_AUTO_VALUE_ON_ZERO";
START TRANSACTION;
SET time_zone = "+00:00";


/*!40101 SET @OLD_CHARACTER_SET_CLIENT=@@CHARACTER_SET_CLIENT */;
/*!40101 SET @OLD_CHARACTER_SET_RESULTS=@@CHARACTER_SET_RESULTS */;
/*!40101 SET @OLD_COLLATION_CONNECTION=@@COLLATION_CONNECTION */;
/*!40101 SET NAMES utf8mb4 */;

--
-- Database: `kppm`
--

-- --------------------------------------------------------

--
-- Table structure for table `admin`
--

CREATE TABLE `admin` (
  `id` int(11) NOT NULL,
  `username` varchar(15) DEFAULT NULL,
  `password` varchar(50) DEFAULT NULL,
  `nama` varchar(50) DEFAULT NULL,
  `foto` varchar(255) DEFAULT NULL
) ENGINE=InnoDB DEFAULT CHARSET=latin1;

--
-- Dumping data for table `admin`
--

INSERT INTO `admin` (`id`, `username`, `password`, `nama`, `foto`) VALUES
(1, 'ians', '81dc9bdb52d04dc20036dbd8313ed055', 'Ians Shinichi', 'Koala.jpg'),
(2, 'admin', '21232f297a57a5a743894a0e4a801fc3', 'Mesut ', 'profil2.jpg');

-- --------------------------------------------------------

--
-- Table structure for table `agen`
--

CREATE TABLE `agen` (
  `id` int(11) NOT NULL,
  `kodeAgen` varchar(255) DEFAULT NULL,
  `ktp` varchar(255) DEFAULT NULL,
  `nama` varchar(255) DEFAULT NULL,
  `namaLengkap` varchar(255) DEFAULT NULL,
  `alamat` varchar(255) DEFAULT NULL,
  `noHp` varchar(255) DEFAULT NULL
) ENGINE=InnoDB DEFAULT CHARSET=utf8mb4 ROW_FORMAT=COMPACT;

--
-- Dumping data for table `agen`
--

INSERT INTO `agen` (`id`, `kodeAgen`, `ktp`, `nama`, `namaLengkap`, `alamat`, `noHp`) VALUES
(1, 'SAKPPM001', '1602151206690006', 'ARISTON', 'ARISTON NAINGGOLAN', 'BPM 03-80-01', '081273666215'),
(2, 'SAKPPM002', '1602150405800006', 'SUMARJO', 'SUMARJO', 'BPM 03-13-07', '081280979547'),
(3, 'SAKPPM003', '1602154201920002', 'OLIF', 'KHOLIFATUR ROFIAH', 'BPM 03-54-09', '089655326636'),
(4, 'SAKPPM004', '1502152511710004', 'SUPARYONO', 'SUPARYONO', 'BPM 03-32-10', '081271971536'),
(5, 'SAKPPM005', '1805125007840005', 'HERLINA', 'HERLINA', 'BPM INFRA 30', '081369867312'),
(6, 'SAKPPM006', '1602152604720002', 'LEGOWO', 'RAHMAT', 'BPM 03-51-06', '089628964986'),
(7, 'SAKPPM007', '1602152110710001', 'FAUZI', 'FAUZI', 'BPM 03-41-01', '082281404924'),
(8, 'SAKPPM008', '1602151002620003', 'SYARWAN', 'SYARWAN', 'BPM 03-54-03', '082382271986'),
(9, 'SAKPPM009', '1602152106720002', 'ENGKUS', 'ENGKUS', 'BPM 04-27-02', '081274278472'),
(10, 'SAKPPM010', '1806092001750001', 'SAZILI', 'SAZILI', 'BPM 04-19-02', '082235872223'),
(11, 'SAKPPM011', '180721010474002', 'BASRUDIN', 'BASRUDIN', 'BPM INFRA 33', '089628772678'),
(12, 'SAKPPM012', '1602150506750010', 'UDIYONO', 'UDIYONO', 'BPM 04-46-09', '082376844816'),
(13, 'SAKPPM013', '1602151203880003', 'SUPRIYANTO', 'SUPRIYANTO', 'BPM 03-78-03', '081541217623'),
(14, 'SAKPPM014', '1602151404750002', 'SUGIYATNO', 'SUGIYATNO', 'BPM 04-45-10', '085210934253'),
(15, 'SAKPPM015', '1602151806800003', 'SUHARNO', 'SUHARNO', 'BPM 03-42-09', '085669952879'),
(16, 'SAKPPM016', '1602151306990003', 'ROBI', 'ROBI ANGGARA PRAMANA', 'BPM 03-42-08', '085273057942'),
(17, 'SAKPPM017', '1602150602760005', 'SIJANTO', 'SIJANTO', 'BPM 03-41-06', '089508576916'),
(18, 'SAKPPM018', '1602150902840002', 'KATNO', 'KATNO', 'BPM 04-56-09', '082231768962'),
(19, 'SAKPPM019', '1602151309880001', 'TOHARI', 'AMIN TOHARI', 'BPM 04-68-04', '082378281550'),
(20, 'SAKPPM020', '1602152101640001', 'MARSIDI', 'MARSIDI', 'BPM 04-17-02', '085609527069'),
(21, 'SAKPPM021', '1602152504680002', 'A. ROZAK', 'ABDUL ROZAK', 'BPM 04-06-03', '089628962833'),
(22, 'SAKPPM022', '1602152711740001', 'AHMADI', 'AHMADI', 'BPM 04-55-10', '081532928975'),
(23, 'SAKPPM023', '1807152502770002', 'SUTARTO', 'SUTARTO', 'BPM 04-17-04', '085969566566'),
(24, 'SAKPPM024', '1602150206770003', 'SUDIBYONO', 'SUDIBYONO', 'BPM 04-26-08', '0895607079911'),
(25, 'SAKPPM025', '1602155508800007', 'ULI', 'ROMAULI SIMAMORA', 'BPM 04-74-03', '081278772402'),
(26, 'SAKPPM026', '1602155310750001', 'S. ELI', 'SULASTRI', 'BPM 04-46-06', '085267943307'),
(27, 'SAKPPM027', '1602152308791001', 'KENDRI', 'KENDRI', 'BPM 03-23-01', '085218836321'),
(28, 'SAKPPM028', '1602151508770009', 'RAMLAN', 'MUHAMAD RAMLAN ASSHIDIQ', 'BPM 04-73-12', '085709485051'),
(29, 'SAKPPM029', '1602151311740004', 'BANI', 'BANI', 'BPM 03-38-08', '08994265458'),
(30, 'SAKPPM030', '1602150911840003', 'YOCHE', 'YOCHE NOVRIANDA', 'BPM 03-36-02', '085769045817'),
(31, 'SAKPPM031', '1602150803670004', 'YARSAMIN', 'YARSAMIN', 'BPM 03-16-04', '089682180404'),
(32, 'SAKPPM032', '1602151503690002', 'SUWARSO', 'SUWARSO', 'BPM 04-76-12', '085758385920'),
(33, 'SAKPPM033', '1602151003840001', 'SHOLIKIN', 'SHOLIKIN', 'BPM 04-11-05', '0895621852809'),
(34, 'SAKPPM034', '1602151905760002', 'JONI OSKAR', 'JONI OSKAR', 'BPM 04-98-07', '085669783459'),
(35, 'SAKPPM035', '1602150407750007', 'PURWANTO', 'PURWANTO', 'BPM 03-42-10', '085788084202'),
(36, 'SAKPPM036', '1602150709760004', 'SAHUDI', 'MUHAMMAD SAHUDI', 'BPM 03-41-13', '085709618843'),
(37, 'SAKPPM037', '1805121108920002', 'NASRODIN', 'NASRODIN AGUSTIO', 'BPM 04-33-10', '08990619769'),
(38, 'SAKPPM038', '1601141708740010', 'SARIP', 'SARIFUDIN', 'BPM 03-71-02', '082178731845'),
(39, 'SAKPPM039', '1602150410750002', 'CECEP', 'CECEP HERMANTO', 'BPM 04-31-05', '089628965242'),
(40, 'SAKPPM040', '1602150704750001', 'AGUS YABANI', 'AGUS YABANI', 'BPM, 03-21-03', '085325790913'),
(41, 'SAKPPM041', '1602151506740003', 'SUNARTO', 'SUNARTO', 'BPM 03-30-01', '082152075010'),
(42, 'SAKPPM042', '1602151111750004', 'LISWAN', 'LISWAN', 'BPM INFRA M-2', '08990618009'),
(43, 'SAKPPM043', '1602151402810003', 'NURIAWAN', 'NURIAWAN', 'BPM 03-19-02', '0895359768709'),
(44, 'SAKPPM044', '1602152106750005', 'HENDRA', 'HENDRA', 'BPM 04-41-03', '089628960779'),
(45, 'SAKPPM045', '1806181206750001', 'MAHDI', 'MAHDI', 'BPM 04-20-03', '085366881761'),
(46, 'SAKPPM046', '1602150604720002', 'JUMALI', 'JUMALI', 'BPM 04-42-04', '085379746060'),
(47, 'SAKPPM047', '1602151808750003', 'TRIYONO', 'TRIYONO', 'BPM 04-57-05', '082297729242'),
(48, 'SAKPPM048', '1602151503670001', 'MARGANA', 'MARGANA', 'BPM 03-55-06', '081271291576'),
(49, 'SAKPPM049', '1602150708920007', 'DEDE', 'DEDE RYAN GUSWANTO', 'BPM 04-84-04', '081239276880'),
(50, 'SAKPPM050', '1602152102720002', 'DEDI', 'DEDI', 'BPM 04-81-03', '089609933855'),
(51, 'SAKPPM051', '1602152606640001', 'BANARI', 'BANARI', 'BPM 04-33-11', '085839358325'),
(52, 'SAKPPM052', '1602150505770007', 'SUWARTO', 'SUWARTO', 'BPM 04-24-12', '082338397725'),
(53, 'SAKPPM053', '1602150603690002', 'SAMAN', 'SAMAN ROSALI', 'BPM 04-98-05', '08990619405'),
(54, 'SAKPPM054', '1602153004820004', 'MULYADI', 'MULYADI', 'BPM 03-77-05', '085378496145'),
(55, 'SAKPPM055', '1602152812020002', 'VANI', 'AHMAD IRVANI', 'BPM 03-42-04', '089625588631'),
(56, 'SAKPPM056', '1602151405760002', 'DARMAWAN', 'AHMAD DARMAWANSYAH', 'BPM 04-75-10', '085840075196'),
(57, 'SAKPPM057', '1602156010700003', 'ASMIATI', 'ASMIATI', 'BPM 03-16-02', '085367398912'),
(58, 'SAKPPM058', '1802092511770001', 'SOLEMAN', 'SOLEMAN', 'BPM 03-98-13', '085217660665'),
(59, 'SAKPPM059', '1803130505010001', 'BM', 'DWI ANTO A', 'BPM 04-30-13', '089632003613'),
(60, 'SAKPPM060', '1801170707720002', 'SUPARYANTO', 'SUPARYANTO', 'BPM 03-68-08', '082173707632'),
(61, 'SAKPPM061', '1602154911710002', 'ENI YUNITA', 'ENI YUNITA', 'BPM 04-39-03', '085382930038'),
(62, 'SAKPPM062', '1602151511760002', 'YUHADI', 'YUHADI', 'BPM 03-10-05', '089510104994'),
(63, 'SAKPPM063', '1805281903870002', 'DEDY', 'DEDY IKHWANUDIN', 'INFRA 38', '089630534914'),
(64, 'SAKPPM064', '1602150412670002', 'NU', 'ERWANUDDIN', 'BPM 04-22-01', '081271248938'),
(65, 'SAKPPM065', '1602150101740003', 'KOMARUDIN', 'KOMARUDIN', 'BPM 04-33-09', '082371482860'),
(66, 'SAKPPM066', '1806186109900002', 'TUMINEM', 'TUMINEM', 'BPM 03-21-06', '085363647681'),
(67, 'SAKPPM067', '1602150812680004', 'ROMADLON', 'ROMADLON', 'BPM 04-47-11', '085768321208'),
(68, 'SAKPPM068', '1602150911640001', 'BASTIAN', 'BASTIAN', 'BPM 03-86-09', '085840655891'),
(69, 'SAKPPM069', '1602152310780002', 'SUKRAN HADI', 'SUKRAN HADI', 'BPM 03-28-13', '085367643199'),
(70, 'SAKPPM070', '1607191710740002', 'MUJIHARTONO', 'MUJIHARTONO', 'BPM 04-18-04', '0895417404800'),
(71, 'SAKPPM071', '1603101011730001', 'RAKA', 'KARIM SOFUAN', 'BPM 03-91-06', '085269002249'),
(72, 'SAKPPM072', '1602151409690002', 'BUDIYANTO', 'BUDIYANTO', 'BPM 04-22-05', '089628965275'),
(73, 'SAKPPM073', '1803100808750001', 'SURYADI', 'SURYADI', 'BPM 03-46-09', '082267104289'),
(74, 'SAKPPM074', '1802260101740004', 'RIYANTI', 'MAHAT', 'BPM 03-01-04', '08984442062'),
(75, 'SAKPPM075', '1602151607680003', 'MUHIDIN', 'A MUHIDIN', 'BPM 03-52-13', '0895338205172'),
(76, 'SAKPPM076', '1602150411750003', 'DWI CAHYO', 'DWI CAHYO UTOMO', 'BPM 04-78-12', '081532054209'),
(77, 'SAKPPM077', '1807145011770006', 'BETI', 'BETI ARYANTI', 'BPM 03-90-02', '085383036415'),
(78, 'SAKPPM078', '3314122602700001', 'WINARTO', 'WINARTO', 'BPM INFRA 85', '082307333830'),
(79, 'SAKPPM079', '1602151008730005', 'PANGGIH', 'PANGGIH IRAWAN', 'BPM 03-54-01', '082346669323'),
(80, 'SAKPPM080', '1671030508720004', 'SUGIYARTO', 'SUGIYARTO', 'BPM 03-26-01', '085832767526'),
(81, 'SAKPPM081', '1605200512740002', 'YUDI', 'YUDI PRAMONO', 'BPM 04-29-06', '082372555567'),
(82, 'SAKPPM082', '1602042408790001', 'SLAMET', 'SLAMET ARIYADI', 'BPM 03-31-02', '081273291733'),
(83, 'SAKPPM083', '1602150508770004', 'SUTOYO', 'SUTOYO', 'BPM 04-04-01', '089636486158'),
(84, 'SAKPPM084', '1602151406681002', 'YAUDI', 'YAUDI MASHAUD', 'BPM 04-46-02', '085366042883'),
(85, 'SAKPPM085', '1602150111760002', 'WIJIANTO', 'WIJIANTO', 'BPM INFRA 23', '085840874775'),
(86, 'SAKPPM086', '1602150405750005', 'JASURI', 'JASURI', 'BPM 04-42-07', '081271442097'),
(87, 'SAKPPM087', '1602152308730003', 'DEDI', 'DEDI AGUS SUTONO', 'BPM 03-23-07', '085273919668'),
(88, 'SAKPPM088', '1602151608990001', 'YUSLAN', 'ARI ANDIKA', 'BPM 04-49-11', '082269610955'),
(89, 'SAKPPM089', '1602155610740003', 'HAYATI', 'HAYATI', 'BPM 04-34-07', '081367503666'),
(90, 'SAKPPM090', NULL, 'RIYALDI', 'RIYALDI', 'BPM INFRA 33', NULL),
(91, 'SAKPPM091', NULL, 'WBC', 'WBC', NULL, NULL),
(92, 'SAKPPM092', NULL, 'NUR FUAD', 'NUR FUAD', NULL, NULL),
(93, 'SAKPPM093', NULL, 'DWI ASRIANTO', 'DWI ASRIANTO', NULL, NULL),
(94, 'SAKPPM094', NULL, 'ANTON 72', 'ANTON 72', NULL, NULL),
(95, 'SAKPPM095', NULL, 'DARWANTO', 'DARWANTO', NULL, NULL),
(96, 'SAKPPM096', NULL, 'HARIS J', 'HARIS J', NULL, NULL),
(97, 'SAKPPM097', NULL, 'WARNO', 'WARNO', NULL, NULL),
(98, 'SAKPPM098', NULL, 'JUMHADI', 'JUMHADI', 'BPM 04-41-05', NULL),
(99, 'SAKPPM099', NULL, 'DEBI KABUT', NULL, NULL, NULL),
(100, 'SAKPPM100', NULL, 'AMA', NULL, NULL, NULL),
(101, 'SAKPPM101', NULL, 'JASWADI', NULL, NULL, NULL),
(102, 'SAKPPM102', NULL, 'SUYUDIYONO', NULL, NULL, NULL),
(103, 'SAKPPM103', NULL, 'KUAT', NULL, NULL, NULL),
(104, 'SAKPPM104', NULL, 'DARMADI', NULL, NULL, NULL),
(105, 'SAKPPM105', NULL, 'KPPM', NULL, NULL, NULL),
(106, 'SAKPPM106', NULL, 'DEPOSIT', NULL, NULL, NULL),
(107, 'NP0001', NULL, 'PERUSAHAAN', NULL, NULL, NULL),
(108, 'SAKPPM107', NULL, 'UB SEJAHTERA', NULL, NULL, NULL);

-- --------------------------------------------------------

--
-- Table structure for table `benur`
--

CREATE TABLE `benur` (
  `id` int(11) NOT NULL,
  `tglDaftar` timestamp NULL DEFAULT current_timestamp(),
  `tglSchedule` timestamp NULL DEFAULT NULL,
  `jmlBenur` varchar(255) DEFAULT NULL,
  `jmlBenurCustom` varchar(255) DEFAULT NULL,
  `namaPendaftar` varchar(255) DEFAULT NULL,
  `idAgen` varchar(255) DEFAULT NULL,
  `noHp` varchar(255) DEFAULT NULL,
  `jnsBenur` varchar(255) DEFAULT NULL,
  `kode` varchar(255) DEFAULT NULL,
  `harga` int(11) DEFAULT NULL,
  `kantong` int(11) DEFAULT NULL,
  `jmlKantong` int(11) DEFAULT NULL,
  `biaya` int(11) DEFAULT NULL,
  `dp` int(11) DEFAULT NULL,
  `alamat` varchar(255) DEFAULT NULL,
  `register` varchar(255) DEFAULT NULL,
  `nama` varchar(255) DEFAULT NULL,
  `status` varchar(255) DEFAULT NULL
) ENGINE=InnoDB DEFAULT CHARSET=utf8mb4;

--
-- Dumping data for table `benur`
--

INSERT INTO `benur` (`id`, `tglDaftar`, `tglSchedule`, `jmlBenur`, `jmlBenurCustom`, `namaPendaftar`, `idAgen`, `noHp`, `jnsBenur`, `kode`, `harga`, `kantong`, `jmlKantong`, `biaya`, `dp`, `alamat`, `register`, `nama`, `status`) VALUES
(5, '2022-12-08 07:26:42', '2022-12-21 17:00:00', '27600', NULL, 'zul f2222222', '50', '08287042455', 'REG', '2345', 47, 2300, 12, 1297200, 0, '0308014', 'tsi', 'SAIDI', 'proses'),
(7, '2022-12-08 08:11:05', '2023-01-05 17:00:00', '2700', NULL, 'sfdasfas', '100', '123123124213213', 'PREM', NULL, 54, 1350, 2, 145800, 0, '042709', 'W000265', 'SAIDI', 'proses'),
(8, '2022-12-08 13:16:48', '2022-12-06 17:00:00', '17550', NULL, 'zul f', '21', '080202', 'PREM', NULL, 54, 1350, 13, 947700, 0, '030802', 'W003122', 'TARMUN BIN SUTO KARIYO', 'proses'),
(9, '2022-12-08 13:20:18', '2022-12-08 17:00:00', '27600', NULL, 'Dian Wahyugi', '105', '08287042455', 'REG', '2345', 47, 2300, 12, 1297200, 0, '030801', 'W003121', 'DARMADI', 'proses'),
(10, '2022-12-09 02:29:01', '2022-12-14 17:00:00', '69000', NULL, 'zoro', '105', '088888888', 'REG', '2345', 47, 2300, 30, 3243000, 0, '034101', 'W002116', 'FAUZI', 'proses'),
(11, '2022-12-09 07:23:19', '2023-01-06 17:00:00', '2300', NULL, '1', '0', '080202', 'REG', '2345', 47, 2300, 1, 108100, 0, '030802', 'W003122', 'TARMUN BIN SUTO KARIYO', 'proses'),
(12, '2022-12-09 07:29:19', '2023-01-05 17:00:00', '3000', NULL, 'HJJJJJJJJJJJJ', '0', '123123124213213', 'MP', NULL, 57, 1500, 2, 171000, 0, '030808', 'W002630', 'DARIZA B. MAWI', 'proses'),
(14, '2022-12-10 06:55:19', '2023-01-04 17:00:00', '18000', NULL, 'zul f2222222', '0', '', 'MP', NULL, 57, 1500, 12, 1026000, 0, '030802', 'W003122', 'TARMUN BIN SUTO KARIYO', 'daftar'),
(17, '2022-12-17 08:16:25', '2022-12-20 17:00:00', '101250', NULL, 'rian', '105', '1234567890', 'PREM', NULL, 54, 1350, 75, 5467500, 5467500, '032101', 'W004372', 'RIAN FREDI MUSTOFA', 'daftar'),
(18, '2022-12-29 07:39:17', '2022-12-29 17:00:00', '2300', NULL, 'zul f2222222', '21', '08287042455', 'REG', '2344', 47, 2300, 1, 108100, 0, '030802', 'W003122', 'TARMUN BIN SUTO KARIYO', 'proses'),
(19, '2022-12-29 07:39:51', '2023-01-06 17:00:00', '9200', NULL, 'zul f', '22', '08287042455', 'REG', NULL, 47, 2300, 4, 432400, 0, '042709', 'W000265', 'SAIDI', 'daftar'),
(20, '2022-12-29 07:42:50', '2023-01-01 17:00:00', '46000', NULL, 'zul f2222222', '21', '080202', 'REG', NULL, 47, 2300, 20, 2162000, 0, '042709', 'W000265', 'SAIDI', 'daftar'),
(21, '2022-12-29 08:06:26', '2022-12-01 17:00:00', '6750', NULL, 'zul f2222222', '21', '080202', 'PREM', NULL, 54, 1350, 5, 364500, 0, '030802', 'W003122', 'TARMUN BIN SUTO KARIYO', 'daftar'),
(24, '2022-12-29 08:12:22', '2023-01-05 17:00:00', '4500', NULL, 'zul f', '22', '080202', 'MP', NULL, 57, 1500, 3, 256500, 0, '030804', 'W004402', 'SUKIRNO', 'daftar'),
(25, '2022-12-29 08:13:08', '2023-01-05 17:00:00', '16200', NULL, 'sfdasfas', '22', '', 'PREM', NULL, 54, 1350, 12, 874800, 0, '042709', 'W000265', 'SAIDI', 'daftar'),
(26, '2022-12-29 12:40:35', '2023-01-06 17:00:00', '2700', NULL, 'zul f2222222', '40', '', 'PREM', NULL, 54, 1350, 2, 145800, 0, '030802', 'W003122', 'TARMUN BIN SUTO KARIYO', 'daftar'),
(27, '2023-01-05 07:02:23', '2023-01-27 17:00:00', '27600', NULL, 'zul f2222222', '40', '08287042455', 'REG', NULL, 47, 2300, 12, 1297200, 0, '030802', 'W003122', 'TARMUN BIN SUTO KARIYO', 'daftar'),
(28, '2023-01-06 01:48:02', '2023-02-03 17:00:00', '18000', NULL, 'HJJJJJJJJJJJJ', '22', '123123124213213', 'MP', NULL, 57, 1500, 12, 1026000, 0, '030802', 'W003122', 'TARMUN BIN SUTO KARIYO', 'daftar'),
(29, '2023-01-06 01:49:02', '2023-02-02 17:00:00', '16200', NULL, 'zul f', '100', '080202', 'REG', NULL, 47, 2300, 12, 874800, 0, '030802', 'W003122', 'TARMUN BIN SUTO KARIYO', 'daftar'),
(30, '2023-01-06 01:49:35', '2023-01-31 17:00:00', '23000', NULL, 'sfdasfas', '0', '08287042455', 'REG', NULL, 47, 2300, 10, 1081000, 0, '030804', 'W004402', 'SUKIRNO', 'daftar'),
(31, '2023-01-06 01:50:41', '2023-02-03 17:00:00', '46000', NULL, 'zul f2222222', '21', '123123124213213', 'REG', NULL, 47, 2300, 20, 2162000, 0, '030801', 'W003121', 'DARMADI', 'daftar');

-- --------------------------------------------------------

--
-- Table structure for table `benur_jenis`
--

CREATE TABLE `benur_jenis` (
  `id` int(11) NOT NULL,
  `kode` varchar(255) DEFAULT NULL,
  `nama` varchar(255) DEFAULT NULL,
  `harga` varchar(255) DEFAULT NULL,
  `jumlah` varchar(255) DEFAULT NULL
) ENGINE=InnoDB DEFAULT CHARSET=utf8mb4;

--
-- Dumping data for table `benur_jenis`
--

INSERT INTO `benur_jenis` (`id`, `kode`, `nama`, `harga`, `jumlah`) VALUES
(1, 'REG', 'REGULAR', '47', '2300'),
(2, 'PREM', 'PREMIUM', '54', '1350'),
(3, 'MP', 'MAKSIMAL PRIMA', '57', '1500');

-- --------------------------------------------------------

--
-- Table structure for table `benur_kode`
--

CREATE TABLE `benur_kode` (
  `id` int(11) NOT NULL,
  `kode_benur` int(11) NOT NULL,
  `isi_perkantong` int(11) NOT NULL,
  `stok_tersedia` int(11) NOT NULL,
  `stok_kebutuhan` int(11) DEFAULT NULL,
  `selisih` int(11) DEFAULT NULL,
  `selisih_kantong` int(11) DEFAULT NULL,
  `tanggal` datetime DEFAULT NULL
) ENGINE=InnoDB DEFAULT CHARSET=utf8mb4;

-- --------------------------------------------------------

--
-- Table structure for table `kelamin`
--

CREATE TABLE `kelamin` (
  `id` int(11) NOT NULL,
  `nama` varchar(50) DEFAULT NULL
) ENGINE=InnoDB DEFAULT CHARSET=latin1;

--
-- Dumping data for table `kelamin`
--

INSERT INTO `kelamin` (`id`, `nama`) VALUES
(1, 'Laki laki'),
(2, 'Perempuan');

-- --------------------------------------------------------

--
-- Table structure for table `kota`
--

CREATE TABLE `kota` (
  `id` int(11) NOT NULL,
  `nama` varchar(255) DEFAULT NULL
) ENGINE=InnoDB DEFAULT CHARSET=latin1;

--
-- Dumping data for table `kota`
--

INSERT INTO `kota` (`id`, `nama`) VALUES
(1, 'Malang'),
(3, 'Blitar'),
(4, 'Tulungagung'),
(17, 'Jakarta'),
(21, 'Surabaya'),
(22, 'Paris');

-- --------------------------------------------------------

--
-- Table structure for table `pegawai`
--

CREATE TABLE `pegawai` (
  `id` varchar(255) NOT NULL,
  `nama` varchar(255) DEFAULT NULL,
  `telp` varchar(255) DEFAULT NULL,
  `id_kota` int(11) DEFAULT NULL,
  `id_kelamin` int(1) DEFAULT NULL,
  `id_posisi` int(11) DEFAULT NULL,
  `status` int(1) DEFAULT NULL
) ENGINE=InnoDB DEFAULT CHARSET=latin1;

--
-- Dumping data for table `pegawai`
--

INSERT INTO `pegawai` (`id`, `nama`, `telp`, `id_kota`, `id_kelamin`, `id_posisi`, `status`) VALUES
('10', 'Antony Febriansyah Hartono', '082199568540', 1, 1, 1, 1),
('11', 'Hafizh Asrofil Al Banna', '087859615271', 1, 1, 1, 1),
('12', 'Faiq Fajrullah', '085736333728', 1, 1, 2, 1),
('3', 'Mustofa Halim', '081330493322', 1, 1, 3, 1),
('4', 'Dody Ahmad Kusuma Jaya', '083854520015', 1, 1, 2, 1),
('5', 'Mokhammad Choirul Ikhsan', '085749535400', 3, 1, 2, 1),
('7', 'Achmad Chadil Auwfar', '08984119934', 2, 1, 1, 1),
('8', 'Rizal Ferdian', '087777284179', 1, 1, 3, 1),
('9', 'Redika Angga Pratama', '083834657395', 1, 1, 3, 1),
('1', 'Tolkha Hasan', '081233072122', 1, 1, 4, 1),
('2', 'Wawan Dwi Prasetyo', '085745966707', 4, 1, 4, 1);

-- --------------------------------------------------------

--
-- Table structure for table `petambak`
--

CREATE TABLE `petambak` (
  `id` int(11) NOT NULL,
  `register` varchar(255) NOT NULL DEFAULT '',
  `nama` varchar(255) DEFAULT NULL,
  `alamat` varchar(255) DEFAULT NULL
) ENGINE=InnoDB DEFAULT CHARSET=utf8mb4;

--
-- Dumping data for table `petambak`
--

INSERT INTO `petambak` (`id`, `register`, `nama`, `alamat`) VALUES
(1, 'W003204', 'MARGONO', '022802'),
(2, 'W003018', 'AGUS NUROHIM', '022803'),
(3, 'W003205', 'HERU SUTOPO', '022804'),
(4, 'W003019', 'SUKARMAN EFENDI', '022805'),
(5, 'W003351', 'SYARNUBI BIN AHMAD', '022806'),
(6, 'W003020', 'ZAINAL ANIP', '022807'),
(7, 'W003525', 'SIDI SUTIKNO', '022808'),
(8, 'W003353', 'AWALUDIN', '022809'),
(9, 'W003354', 'SUPRAYITNO BIN SOEMAR', '022810'),
(10, 'W003021', 'ARI ANGGARA', '022811'),
(11, 'W003527', 'ADI PURWANTO', '022812'),
(12, 'W003022', 'MUSRIYADI DAULAY', '022901'),
(13, 'W004151', 'M. ANWAR', '022902'),
(14, 'W003023', 'SAHARI', '022903'),
(15, 'W003634', 'SUMARNO', '022904'),
(16, 'W004176', 'ABDUL JAPAR', '022905'),
(17, 'W003358', 'SUYUD', '022906'),
(18, 'W003025', 'HENDRI ZAKARIA', '022907'),
(19, 'W003209', 'SALAMON TEME', '022908'),
(20, 'W003026', 'SLAMET', '022909'),
(21, 'W003530', 'WALIYAT', '022910'),
(22, 'W003027', 'MARTONO', '022911'),
(23, 'W003361', 'ZULPIADI', '022912'),
(24, 'W003028', 'SUGIYANTO', '023001'),
(25, 'W003502', 'SUSANTO', '023002'),
(26, 'W004384', 'AHMAD ANDI KHOIRUL UMAM', '023003'),
(27, 'W003363', 'A. GANDI BIN HUSIN', '023004'),
(28, 'W003030', 'UDI WASONO', '023005'),
(29, 'W003364', 'MAD ALI', '023006'),
(30, 'W003031', 'NURKOLIS', '023007'),
(31, 'W003434', 'SUYARNO BIN MUJIKAN', '023008'),
(32, 'W003032', 'MUKHLISIN', '023009'),
(33, 'W003366', 'ANDI', '023010'),
(34, 'W003033', 'IMAM MAHMUDIN', '023011'),
(35, 'W003189', 'MUJI BIN SUKARDI', '023012'),
(36, 'W004293', 'SYAHRONI ALPEN', '023101'),
(37, 'W003368', 'SUPIYAN', '023102'),
(38, 'W003035', 'FATHUL MUSLIHIN', '023103'),
(39, 'W003369', 'SURATNO BIN TUKIRAN', '023104'),
(40, 'W003036', 'TEGUH BUDI KARSONO', '023105'),
(41, 'W003370', 'AMRULLAH', '023106'),
(42, 'W004267', 'TOTO SUGIARTO', '023107'),
(43, 'W003371', 'PERIYANTO INDUWIBAWA', '023108'),
(44, 'W003038', 'ARIYANTO', '023109'),
(45, 'W003372', 'SUGENG SANTOSO', '023110'),
(46, 'W004381', 'SUTARMAN', '023111'),
(47, 'W003373', 'SYARNUBI', '023112'),
(48, 'L108286', 'PRAYOGI', '023201'),
(49, 'L108314', 'SYAFROZI', '023202'),
(50, 'L107279', 'UMAR ROYIK', '023203'),
(51, 'W004177', 'JOKO SAPUTRO', '023204'),
(52, 'L108517', 'ALFANUL MAKI', '023205'),
(53, 'L107666', 'KARDOYO', '023206'),
(54, 'L108577', 'SUPARMIN', '023207'),
(55, 'W004309', 'ARIS HIDAYAT', '023208'),
(56, 'L111557', 'SUNARTO ANTORO', '023209'),
(57, 'L107204', 'SUGIONO', '023210'),
(58, 'L108268', 'RADI', '023211'),
(59, 'L108317', 'TAKARIONO', '023212'),
(60, 'L109117', 'MARIMIN', '023301'),
(61, 'L109102', 'YASDIDI', '023302'),
(62, 'L103925', 'SUKADMO/SUKARNO', '023303'),
(63, 'W004152', 'MEJI HADI KUSUMA', '023304'),
(64, 'L109088', 'PONIMAN', '023305'),
(65, 'L110146', 'TRIYANTO', '023306'),
(66, 'L111616', 'ALRI TASBIH', '023307'),
(67, 'L108541', 'MUHIZAR', '023308'),
(68, 'L110231', 'PONIRAN', '023309'),
(69, 'L109092', 'SUWANDI', '023310'),
(70, 'L111399', 'HASANUDIN', '023311'),
(71, 'L111273', 'HASANUDIN/SHOLIKIN', '023312'),
(72, 'L109125', 'ABDUL KADIR JAILANI', '023401'),
(73, 'L110230', 'BASRI', '023402'),
(74, 'L109094', 'JAINAL ARIPIN', '023403'),
(75, 'L110124', 'RAMELAN/TEKAD SUPRIYANTO', '023404'),
(76, 'L111025', 'ADI SANTOSO', '023405'),
(77, 'L104117', 'SUPRAYITNO', '023406'),
(78, 'L110104', 'DWI PURWANTO', '023407'),
(79, 'L111023', 'MUKHIDIN', '023408'),
(80, 'L110050', 'AHMAD MUTTAQIN', '023409'),
(81, 'L109157', 'SUPRIYANTO', '023410'),
(82, 'L108676', 'AGUS NURWOKO', '023411'),
(83, 'L109426', 'HADI AKHMAD SIDIQ', '023412'),
(84, 'L110133', 'DARUL KUTNI', '023501'),
(85, 'L109153', 'TEGUH HARIADI', '023502'),
(86, 'L108214', 'ZULIANSYAH', '023503'),
(87, 'L109123', 'KOPRAWI', '023504'),
(88, 'L109151', 'RAKIMAN', '023505'),
(89, 'L109154', 'ROSIDI', '023506'),
(90, 'W004382', 'BARYADI', '023507'),
(91, 'W004268', 'EDI PRIADI', '023508'),
(92, 'L110206', 'MULYONO', '023509'),
(93, 'L110144', 'ELMAL YAKIN', '023510'),
(94, 'W004310', 'USMAN BIN KOTNI', '023511'),
(95, 'L109038', 'FATRONI/SUGIONO', '023512'),
(96, 'W003107', 'TUWARI', '024801'),
(97, 'W003105', 'SISNANTO', '024802'),
(98, 'W003103', 'IBRAHIM', '024803'),
(99, 'W003104', 'HENDI SUNARNO', '024804'),
(100, 'W003110', 'LIBSU SOIRI', '024805'),
(101, 'W003106', 'SUYOTO', '024806'),
(102, 'W004311', 'AFIF AMRULLAH', '024807'),
(103, 'W004420', 'ERYANTO', '024808'),
(104, 'W003442', 'DALILLUDIN', '024809'),
(105, 'W004226', 'RUDI BAHAWAN', '024810'),
(106, 'W003927', 'MUHAMMAD YUNUS', '024811'),
(107, 'W004208', 'SUGENG MAHENDRA', '024812'),
(108, 'W003128', 'MAHMURI', '024901'),
(109, 'W003437', 'MUHAMMAD AMIN BIN SLAMET', '024902'),
(110, 'W003438', 'SUPAWI BIN M. NURDIN', '024903'),
(111, 'W003440', 'MUBALIGIN', '024904'),
(112, 'W004178', 'SUHARYADI', '024905'),
(113, 'W003439', 'RUDI HARTONO', '024906'),
(114, 'W004294', 'WAHYU RAHMAD BAZARI', '024907'),
(115, 'L101518', 'UDIN', '024908'),
(116, 'L101460', 'MIFTAHUDIN', '024909'),
(117, 'W003112', 'KARYONO', '024910'),
(118, 'W003113', 'ROSIDIN', '024911'),
(119, 'W003978', 'SUSENO', '024912'),
(120, 'L109054', 'M. MARYANTO', '025001'),
(121, 'L109046', 'EXRAL JUNI', '025002'),
(122, 'L109082', 'BAMBANG NURHADI', '025003'),
(123, 'L109081', 'RUSMAN EFENDI', '025004'),
(124, 'L109135', 'AHMAD RUSLAN', '025005'),
(125, 'L109142', 'SOPYAN EFENDI', '025006'),
(126, 'W004269', 'MERI SISWADI', '025007'),
(127, 'L110152', 'BAMBANG SRI NUGRAHA', '025008'),
(128, 'L109103', 'ZULFIKRI', '025009'),
(129, 'L109111', 'RAHMAN ADI SAPUTRA', '025010'),
(130, 'L111040', 'NATANAL BAJURI', '025011'),
(131, 'L110140', 'AFIN HARIYADI', '025012'),
(132, 'L103987', 'FAISOL SABARA', '025101'),
(133, 'L103985', 'RIZA HARDIANSYAH', '025102'),
(134, 'L104442', 'SUNARTO', '025103'),
(135, 'L104021', 'MAIDAL EFNI', '025104'),
(136, 'L111940', 'SUYONO', '025105'),
(137, 'L103984', 'INDRANATA', '025106'),
(138, 'L104105', 'REKI NELSON', '025107'),
(139, 'L104438', 'SUPRIYANTO', '025108'),
(140, 'L104443', 'SUWITO', '025109'),
(141, 'L103853', 'DESMANTO', '025110'),
(142, 'L103661', 'MUNTONO', '025111'),
(143, 'L107952', 'SUHARYONO', '025112'),
(144, 'W003586', 'WINARTO', '025201'),
(145, 'W003587', 'SUMARDI', '025202'),
(146, 'W004370', 'LATIF ASNGARI', '025203'),
(147, 'W003589', 'NUR SANTOSO', '025204'),
(148, 'W003590', 'MAROLOAN SIHOTANG', '025205'),
(149, 'W003591', 'AHMAD RISSAUDIN', '025206'),
(150, 'W003592', 'HENDRA', '025207'),
(151, 'W003593', 'TOHARI', '025208'),
(152, 'W003594', 'HAIRUL SALEH', '025209'),
(153, 'W003595', 'SUGIYONO BIN DIRJO UTOMO', '025210'),
(154, 'W004190', 'SUHADI', '025211'),
(155, 'W003597', 'M. TOHIR', '025212'),
(156, 'W003598', 'MUHAMMAD ILHAM', '025301'),
(157, 'W003599', 'SUMANTO', '025302'),
(158, 'W003600', 'SAILAINDRA', '025303'),
(159, 'W003601', 'DADANG MULYAWAN', '025304'),
(160, 'W003602', 'SARIJAN', '025305'),
(161, 'W003603', 'NATAL KRISYANTO', '025306'),
(162, 'W003604', 'SUHAIMI', '025307'),
(163, 'W004295', 'SUHARTONO', '025308'),
(164, 'W003606', 'JUMADI BIN SAIMUN', '025309'),
(165, 'W003607', 'MASHADI', '025310'),
(166, 'W003608', 'AHMAD MURSANI', '025311'),
(167, 'W003609', 'M. ZAINURI', '025312'),
(168, 'W003610', 'UNARJO', '025401'),
(169, 'W003611', 'HADOPI BIN SARIPUDIN', '025402'),
(170, 'W003612', 'MUHAMMAD ISA', '025403'),
(171, 'W003613', 'MASRUN', '025404'),
(172, 'W004353', 'ALI MUKLIS', '025405'),
(173, 'W003615', 'HERIYADI', '025406'),
(174, 'W003616', 'YATIMIN', '025407'),
(175, 'W004270', 'DARSAN', '025408'),
(176, 'W003618', 'SUMINO', '025409'),
(177, 'W004345', 'RIANTO SINAGA', '025410'),
(178, 'W003620', 'TRI ZUHRI', '025411'),
(179, 'W003621', 'ZULKAFLI', '025412'),
(180, 'W003622', 'BUDIYONO BIN BASIR', '025501'),
(181, 'W003623', 'AGUS SUWANTO', '025502'),
(182, 'W003624', 'FEBER AGUNG PERSADA', '025503'),
(183, 'W003625', 'SUPRIYONO', '025504'),
(184, 'W003626', 'WINARTO', '025505'),
(185, 'W003627', 'PURWOYO', '025506'),
(186, 'W003628', 'CHRISTIAN WIDODO', '025507'),
(187, 'W003629', 'AMIR SOLEH', '025508'),
(188, 'W003630', 'MUHTAROM', '025509'),
(189, 'W003631', 'MUHAMAD NASIB I', '025510'),
(190, 'W003632', 'TARMUJI', '025511'),
(191, 'W003633', 'SARNO', '025512'),
(192, 'W003040', 'MUHAMMAD BASIR', '025601'),
(193, 'W003374', 'SUGENG RIYADI', '025602'),
(194, 'W003041', 'GOPUR PANANI', '025603'),
(195, 'W003375', 'SUPARNO', '025604'),
(196, 'W003042', 'SAMSUDI', '025605'),
(197, 'W003210', 'DARYANTO BIN SUWARDI', '025606'),
(198, 'W003043', 'MUHTADIN', '025607'),
(199, 'W004296', 'HARDI SAPUTRA', '025608'),
(200, 'W003044', 'MARYONO', '025609'),
(201, 'W003378', 'SUMARNO', '025610'),
(202, 'W003045', 'IRWAN SANTOSO', '025611'),
(203, 'W003379', 'EKO WINARNO', '025612'),
(204, 'W003046', 'ROHMAD SETU', '025701'),
(205, 'W003380', 'RAMZIL HARDI BIN DAMIULIS', '025702'),
(206, 'W003047', 'HARI TRIYONO', '025703'),
(207, 'W003196', 'SURYADI BIN SANTOSRI', '025704'),
(208, 'W003048', 'SUMINO', '025705'),
(209, 'W003382', 'SUNARDI BIN HARJO SUWITO', '025706'),
(210, 'W003049', 'WARAS MARJUKI', '025707'),
(211, 'W003433', 'RIYANTO', '025708'),
(212, 'W004364', 'WIYONO', '025709'),
(213, 'W003384', 'IDRUS BIN M. SAID', '025710'),
(214, 'W003936', 'ENDAR WAWAN', '025711'),
(215, 'W003829', 'ARMIZI', '025712'),
(216, 'W003052', 'JUMANI', '025801'),
(217, 'W003386', 'SAINGOT MARULI SINAGA', '025802'),
(218, 'W003053', 'PAULUS SLAMET RIYADI', '025803'),
(219, 'W003387', 'MOCHAMAD LUKMAN HAKIM', '025804'),
(220, 'W003054', 'SARYADI', '025805'),
(221, 'W003194', 'MUSTHOLIH', '025806'),
(222, 'W003055', 'IRWADI', '025807'),
(223, 'W003389', 'MUHAMMAD AMIN', '025808'),
(224, 'W004113', 'AMINARNO', '025809'),
(225, 'W003390', 'DONA EKA SAPUTRA', '025810'),
(226, 'W004365', 'EKO RIYADI', '025811'),
(227, 'W003391', 'ANSORI BIN ASIM', '025812'),
(228, 'W003058', 'SUTOTOK', '025901'),
(229, 'W004166', 'ASEP BAGJA', '025902'),
(230, 'W003059', 'MUSTAWAN', '025903'),
(231, 'W003393', 'FIRMATUS ENA', '025904'),
(232, 'W003060', 'HERI AFRIZAL', '025905'),
(233, 'W003200', 'HARTONO', '025906'),
(234, 'W003061', 'SAMSUDDIN', '025907'),
(235, 'W003193', 'MARJUNI', '025908'),
(236, 'W003062', 'HARYANTO', '025909'),
(237, 'W003396', 'DAWA', '025910'),
(238, 'W003063', 'WAGITO', '025911'),
(239, 'W003301', 'SUKIRNO', '025912'),
(240, 'W004319', 'EDI IRAWAN', '026001'),
(241, 'W003398', 'SUSANTO BIN JOYO PAWIRO', '026002'),
(242, 'W003065', 'DAMIN BIN WASIRIN', '026003'),
(243, 'W003399', 'RUBA\'I', '026004'),
(244, 'W003066', 'DEDY IRAWAN', '026005'),
(245, 'W003400', 'RUSMAN', '026006'),
(246, 'W003067', 'SAMSUL BAHRI', '026007'),
(247, 'W003401', 'K. AHMAD SOBRI', '026008'),
(248, 'W003068', 'AJAB PRAJA', '026009'),
(249, 'W004114', 'SAEPUDIN', '026010'),
(250, 'W003069', 'STEVANUS BISMO', '026011'),
(251, 'W003202', 'AHMAD IHSAN', '026012'),
(252, 'W004297', 'SUPARNO', '026101'),
(253, 'W004366', 'USMAN HAKIM', '026102'),
(254, 'W003071', 'MUNAWIR', '026103'),
(255, 'W003405', 'SUMARIYONO BIN PAWIRO', '026104'),
(256, 'W004179', 'ANGGA SAPUTRA', '026105'),
(257, 'W003406', 'MUKTI', '026106'),
(258, 'W003073', 'MULYAN SAHRI', '026107'),
(259, 'W003528', 'ALI ZAINAL ABIDIN', '026108'),
(260, 'W003074', 'MARSO', '026109'),
(261, 'W003198', 'MUHSININ', '026110'),
(262, 'W003075', 'JUMLI', '026111'),
(263, 'W003409', 'NAZIRUL', '026112'),
(264, 'W003410', 'RUDI HARTONO', '026201'),
(265, 'W003411', 'TAUFIK BIN JUMADI', '026202'),
(266, 'W003076', 'MARYOTO', '026203'),
(267, 'W004390', 'WAWAN SAPUTRA', '026204'),
(268, 'W003077', 'BUDI PRAYITNO', '026205'),
(269, 'W003413', 'ELPIYAN', '026206'),
(270, 'W003078', 'SUWANDI', '026207'),
(271, 'W003414', 'AZHARONI', '026208'),
(272, 'W003079', 'EDI CAHYONO', '026209'),
(273, 'W003415', 'FAIRUZI MALASA', '026210'),
(274, 'W003080', 'TUKIJO SANTOSO', '026211'),
(275, 'W003416', 'SUYANTO', '026212'),
(276, 'W003081', 'BUDIMAN', '026301'),
(277, 'W003417', 'MEIARTO BIN SUMARDI', '026302'),
(278, 'W004362', 'MUHAMAD RIZKI', '026303'),
(279, 'W004397', 'RUSDI', '026304'),
(280, 'W003083', 'MUJIAT', '026305'),
(281, 'W003419', 'SUTAJI', '026306'),
(282, 'W003084', 'YULIANTO', '026307'),
(283, 'W003208', 'SUDIN', '026308'),
(284, 'W003085', 'SUPRIANTO BIN TUKAJI', '026309'),
(285, 'W003421', 'SUPRIONO BIN SURIATWOYO', '026310'),
(286, 'W003086', 'MARSUDI', '026311'),
(287, 'W003422', 'ZAINAL ABIDIN', '026312'),
(288, 'W003423', 'SARJUNI BIN HARJO SUWITO', '026401'),
(289, 'W003424', 'EDI PURNOMO', '026402'),
(290, 'W003087', 'HERMANTO', '026403'),
(291, 'W003425', 'SUHADI BIN SUBA\'I', '026404'),
(292, 'W003088', 'ALI MUHSIN', '026405'),
(293, 'W003497', 'MARYANTO', '026406'),
(294, 'W003089', 'LUKMAN EFENDI', '026407'),
(295, 'W003427', 'HIERONYMUS NEONUB', '026408'),
(296, 'W003090', 'RUSDI BIN MAHAT', '026409'),
(297, 'W004244', 'SUPRAPTO', '026410'),
(298, 'W003091', 'SUGENG', '026411'),
(299, 'W003429', 'JASMARA', '026412'),
(300, 'W003092', 'ABDUH', '026501'),
(301, 'W003430', 'HERI SARWONO', '026502'),
(302, 'W003093', 'ARMADI RAMBE', '026503'),
(303, 'W004245', 'SADI WIDIYANTO', '026504'),
(304, 'W003094', 'ASUWAR HADI', '026505'),
(305, 'W003312', 'SUPARYOTO BIN SARIMIN', '026506'),
(306, 'W003095', 'DADANG PUJIYANTO', '026507'),
(307, 'W003432', 'JHON HERI', '026508'),
(308, 'W003096', 'HAMID MUBASIR', '026509'),
(309, 'W003529', 'SISWANTO BIN MASKAT', '026510'),
(310, 'W003097', 'IMAM MUSLIM', '026511'),
(311, 'W003517', 'ROBERTUS TRISENO', '026512'),
(312, 'W003435', 'TAUFIK BIN M. NASIR', '026601'),
(313, 'W003436', 'SOPIYAN', '026602'),
(314, 'W003971', 'SAIPUL ANWAR', '026603'),
(315, 'W003519', 'IDRIS SARDI', '026604'),
(316, 'W003099', 'SANTONI', '026605'),
(317, 'W003574', 'MUIN', '026606'),
(318, 'W003100', 'SUHARDI', '026607'),
(319, 'W003521', 'BASUKI', '026608'),
(320, 'W003101', 'PURNOMO', '026609'),
(321, 'W003513', 'IMAM SULTONI', '026610'),
(322, 'W003102', 'YUNARNO', '026611'),
(323, 'W003514', 'SUGIYOTO', '026612'),
(324, 'W002516', 'AHADIYANTO', '030101'),
(325, 'W002519', 'DARWIS', '030104'),
(326, 'W003635', 'SUYONO', '030106'),
(327, 'W002522', 'SARENGAT', '030107'),
(328, 'W002531', 'SURIPTO', '030108'),
(329, 'W004064', 'MARJIYO', '030109'),
(330, 'W004346', 'ARDIANSYAH', '030110'),
(331, 'W002526', 'SARIFIN', '030111'),
(332, 'W002529', 'SEKUAN', '030112'),
(333, 'W003998', 'MASDUKI', '030201'),
(334, 'W002533', 'ABU BAKAR BIN HASBULLAH', '030202'),
(335, 'W002534', 'UMARDANI', '030203'),
(336, 'W200009', 'TOTOK DARMAWANTO', '030204'),
(337, 'W002536', 'WINARDI', '030205'),
(338, 'W003636', 'SUHANDI IRAWAN', '030206'),
(339, 'W003637', 'M. YUSUP', '030207'),
(340, 'W200010', 'ASEP SARIF HIDAYAT', '030208'),
(341, 'W002545', 'TRIMO LAKSONO', '030209'),
(342, 'W002947', 'SONETA', '030210'),
(343, 'W002542', 'RUSLI', '030211'),
(344, 'W200051', 'SUGANDI', '030212'),
(345, 'W002544', 'ROHMAT', '030213'),
(346, 'W002548', 'ARSYAD', '030301'),
(347, 'W004354', 'MURWADI', '030302'),
(348, 'W002562', 'DARTONO', '030303'),
(349, 'W200011', 'SUKO TRIYONO', '030304'),
(350, 'W200022', 'MUSLEYADI', '030305'),
(351, 'W002553', 'SAMSUL S.', '030306'),
(352, 'W002554', 'ABDUL WAKHID', '030307'),
(353, 'W002555', 'JIMIN BIN YOSO SUMARTO', '030308'),
(354, 'W004401', 'SAPRIONO', '030309'),
(355, 'W003937', 'SUGITO', '030310'),
(356, 'W003638', 'HAMBALI', '030311'),
(357, 'W003639', 'BADRI', '030312'),
(358, 'W002560', 'SUYADI BIN LAHURI', '030313'),
(359, 'W003856', 'EKO HADI PRABOWO', '030401'),
(360, 'W002565', 'EKO SULISTIYO', '030402'),
(361, 'W002566', 'WIDODO', '030403'),
(362, 'W002567', 'NGATIJO', '030404'),
(363, 'W004130', 'MUHLIDIN', '030405'),
(364, 'W002577', 'M. UMAR', '030406'),
(365, 'W002570', 'SUKAMTO', '030407'),
(366, 'W200032', 'SUWARTO', '030408'),
(367, 'W002572', 'AGUSMAN', '030409'),
(368, 'W002573', 'ABDUL GAPUR', '030410'),
(369, 'W002574', 'SAAT BIN NANGCIK', '030411'),
(370, 'W002901', 'DODI SAPUTRA', '030412'),
(371, 'W002576', 'MAULANI', '030413'),
(372, 'W002595', 'TUGIYO', '030501'),
(373, 'W200001', 'ABDURRAHMAN', '030502'),
(374, 'W002987', 'BAHARUDDIN', '030503'),
(375, 'W004227', 'MUHAMMAD WAHIDIN', '030504'),
(376, 'W002584', 'IWAN STIAWAN', '030505'),
(377, 'W200023', 'PEBRIANSYAH', '030506'),
(378, 'W200018', 'DARMAWAN SUSANTO', '030507'),
(379, 'W200048', 'AHMAD ROHMAN', '030508'),
(380, 'W200013', 'ARIS SUTOPO', '030509'),
(381, 'W200024', 'DEDIK DAMHUDI', '030510'),
(382, 'W200014', 'RASPIANTORO', '030511'),
(383, 'W200049', 'HENDRI YADI', '030512'),
(384, 'W002592', 'SUDARMAN', '030513'),
(385, 'W002596', 'JUNAIDI BIN SAPRUDIN', '030601'),
(386, 'W002611', 'SUPRIYANTO BIN MUJIONO', '030602'),
(387, 'W003111', 'ASWIDI', '030603'),
(388, 'W200015', 'MAD DANI', '030604'),
(389, 'W002601', 'EKO SUDARTO', '030606'),
(390, 'W002602', 'ALPIAN', '030607'),
(391, 'W003114', 'ANTONI', '030608'),
(392, 'W003115', 'HADI GUNAWAN BIN PRAMUJI', '030609'),
(393, 'W002605', 'SAMSON BIN ZAINI', '030610'),
(394, 'W200017', 'KURNIA HASANUDIN', '030611'),
(395, 'W003117', 'KOMARUL SYARIF SAJULI', '030612'),
(396, 'W003999', 'MURODI', '030613'),
(397, 'W002612', 'CHRISTIAN', '030701'),
(398, 'W002625', 'SYARIF DULROCHMAN', '030703'),
(399, 'L106513', 'HAMI', '030704'),
(400, 'W002616', 'MUSLIH', '030705'),
(401, 'W002948', 'BEBEN AWALI', '030707'),
(402, 'W002619', 'SUYANTO', '030708'),
(403, 'W002620', 'BAEDOWI', '030709'),
(404, 'W003119', 'MUHARAM HASBI', '030710'),
(405, 'W004385', 'KURNIANTO', '030711'),
(406, 'W004209', 'ADI FARDIANSYAH', '030712'),
(407, 'W003120', 'EDI SUWANTO', '030713'),
(408, 'W003121', 'DARMADI', '030801'),
(409, 'W003122', 'TARMUN BIN SUTO KARIYO', '030802'),
(410, 'W003123', 'HENDRI BIN NASRI', '030803'),
(411, 'W004402', 'SUKIRNO', '030804'),
(412, 'W003124', 'YUDI RESTANTO', '030805'),
(413, 'W002636', 'BAHRI', '030806'),
(414, 'W002629', 'AKER', '030807'),
(415, 'W002630', 'DARIZA B. MAWI', '030808'),
(416, 'W003875', 'TAUFIK', '030809'),
(417, 'W003444', 'SARKIMAN', '030810'),
(418, 'W002633', 'SARTO', '030811'),
(419, 'W002638', 'FATONI', '030813'),
(420, 'W003125', 'NASUHA', '030901'),
(421, 'W003445', 'BADARUDDIN SYAMSUDDIN', '030902'),
(422, 'W003126', 'HARUDIN', '030903'),
(423, 'W200004', 'SUMARNO', '030904'),
(424, 'W200044', 'AHMAD RIFA\'I', '030905'),
(425, 'W003848', 'JONI SUPRANTO', '030906'),
(426, 'W003129', 'WARSIHIN', '030907'),
(427, 'W003130', 'HUWAILID', '030908'),
(428, 'W200047', 'ANGGA DINATA', '030909'),
(429, 'W003132', 'DARMAN', '030910'),
(430, 'W200050', 'MARYONO', '030911'),
(431, 'W004338', 'ARI MUSTOFA PURWANTORO', '030912'),
(432, 'W003134', 'SUTRISNO', '030913'),
(433, 'W003135', 'SETTU', '031001'),
(434, 'W001613', 'AANG JUANDA', '031002'),
(435, 'W003136', 'SUPENDI', '031003'),
(436, 'W001615', 'ABDUL AZIZ', '031004'),
(437, 'W001616', 'YUHADI', '031005'),
(438, 'W004000', 'ZAINUDDIN', '031006'),
(439, 'W001618', 'ZAINAL ABIDIN', '031007'),
(440, 'W002850', 'ROBINHAR', '031008'),
(441, 'W001620', 'ZULMIADI', '031009'),
(442, 'W001621', 'ENDANG SUPARTO', '031010'),
(443, 'W003640', 'AZHARI', '031011'),
(444, 'W001623', 'AHMAD THOHTOWI', '031012'),
(445, 'W001627', 'ALI MAHMUD', '031013'),
(446, 'W003137', 'SISDEBI BIN SIDIK', '031101'),
(447, 'W001629', 'AMIR BIN NURYADI', '031102'),
(448, 'W003138', 'DARMAN', '031103'),
(449, 'W002851', 'SAINURI', '031104'),
(450, 'W003139', 'YUNUS NGGALUAMA', '031105'),
(451, 'W001642', 'SAMSUN', '031106'),
(452, 'W001634', 'SISWADI', '031107'),
(453, 'W004412', 'DIKI ARYANTO', '031108'),
(454, 'W001636', 'MUNZILIN ARIS', '031109'),
(455, 'W002852', 'JOHAN WAHYUDI', '031110'),
(456, 'W001641', 'BAMBANG IRAWAN', '031111'),
(457, 'W002902', 'GUNET SATINO', '031112'),
(458, 'W001640', 'PAISAL', '031113'),
(459, 'W001658', 'JUMARDI BIN MANSUR', '031201'),
(460, 'W001657', 'EPIT BIN SAMSIRA', '031202'),
(461, 'W001646', 'SILAHUDIN', '031203'),
(462, 'W003641', 'DARUS SALAM', '031204'),
(463, 'W001648', 'JUNAIDI', '031205'),
(464, 'W001649', 'DARWIN KOMARUDDIN', '031206'),
(465, 'W004207', 'DHONIKA OKTORA', '031207'),
(466, 'W001651', 'DEDI', '031208'),
(467, 'W001652', 'A. FENDI', '031209'),
(468, 'W002454', 'WAHID', '031210'),
(469, 'W001654', 'SUTRISNO', '031211'),
(470, 'W001655', 'EDDY JON', '031212'),
(471, 'W003642', 'YUSUF BACHTIAR', '031213'),
(472, 'W001660', 'ZAINUDIN', '031301'),
(473, 'W004131', 'ARIS NURFAIZI', '031302'),
(474, 'W004001', 'ROMADON', '031303'),
(475, 'W001663', 'FIRDAUS', '031304'),
(476, 'W001673', 'SUDARMI', '031305'),
(477, 'W004228', 'WAWAN ARIANTO', '031306'),
(478, 'W003142', 'SUMARJO', '031307'),
(479, 'W003143', 'ADNAN BIN M. SAID', '031308'),
(480, 'W003144', 'AHMAD ZAHRUZI', '031309'),
(481, 'W003643', 'BUNYAMIN', '031310'),
(482, 'W001670', 'HASANUDDIN BIN Z', '031311'),
(483, 'W001674', 'HENDRI SYAIFUL', '031312'),
(484, 'W001672', 'HENDRA', '031313'),
(485, 'W003447', 'SOLIHIN', '031401'),
(486, 'W001677', 'SAMIRAN', '031402'),
(487, 'W001678', 'HIDAYAT USMAN', '031403'),
(488, 'W001679', 'HAMZAH', '031404'),
(489, 'W003448', 'HERSANUDI BIN JAMUDIN', '031405'),
(490, 'W003355', 'ALOYSIUS SUTRISNO', '031406'),
(491, 'W001682', 'IMAM GOJALI', '031407'),
(492, 'W001691', 'SUHANDI BIN MAIDIN', '031408'),
(493, 'W001684', 'IMRON RUSADI B. SURATMAN', '031409'),
(494, 'W001690', 'JON SABAR SINURAT', '031410'),
(495, 'W004386', 'LAMBOK MANALU', '031411'),
(496, 'W001687', 'ADNAN', '031412'),
(497, 'W001688', 'ISA NAWAWI', '031413'),
(498, 'W003449', 'SUNARYO BIN AHIM', '031501'),
(499, 'W003450', 'SUNARYO BIN SUTARMIN', '031502'),
(500, 'W004321', 'RIDWAN SAPUTRA', '031503'),
(501, 'W003451', 'SULARTA', '031504'),
(502, 'W001696', 'KASBULLOH', '031505'),
(503, 'W001706', 'MAD LANTANG', '031506'),
(504, 'W001698', 'KHOLIL MUKHIDI', '031507'),
(505, 'W004132', 'DEDI ROMANSYAH', '031508'),
(506, 'L101867', 'SUPRIYATNA', '031509'),
(507, 'W003452', 'TUTUR SUDIONO', '031510'),
(508, 'W001702', 'AKHMAD MUSTOFA AL HAZDIEQ', '031511'),
(509, 'W003453', 'SUJADI BIN SUDARSONO', '031512'),
(510, 'W004391', 'AJI WAHYU MANDALA', '031513'),
(511, 'W001708', 'MAIZAR', '031601'),
(512, 'W001709', 'EDI ERWANI BIN SENANANG', '031602'),
(513, 'W004200', 'MUHAMAD BADARUDIN', '031603'),
(514, 'W001721', 'YARSAMIN BIN REBU', '031604'),
(515, 'W001712', 'MUHAMMAD UNTUNG', '031605'),
(516, 'W001713', 'KARMAN BIN SITAM', '031606'),
(517, 'W001714', 'MUHTAR B. ZUANI', '031607'),
(518, 'W001715', 'A. ROZAK DAHLAN', '031608'),
(519, 'W004133', 'AHMAD RIZKI', '031609'),
(520, 'W001717', 'SYAHRIL BIN AGANI', '031610'),
(521, 'W001718', 'MULYADI BIN ABUHASAN', '031611'),
(522, 'W001719', 'SARBANI', '031612'),
(523, 'W001720', 'MULYADI BIN SALNI', '031613'),
(524, 'W003145', 'PONIANTORO', '031701'),
(525, 'W003146', 'ERMA HERMAYADI', '031702'),
(526, 'W002903', 'WASIL MUNAJI', '031703'),
(527, 'W001727', 'JASLAN', '031704'),
(528, 'W003147', 'PARMAN', '031705'),
(529, 'W004413', 'ABDURRAHMAN', '031706'),
(530, 'W003938', 'ALIYANDI', '031707'),
(531, 'W001731', 'YUHERLI', '031708'),
(532, 'W001732', 'PRIYO WAHYUDI', '031709'),
(533, 'W003149', 'AMINURAHMAN', '031710'),
(534, 'W001734', 'PRIYONO BIN PRATO HARSONO', '031711'),
(535, 'W001735', 'ALJUAINI', '031712'),
(536, 'W004201', 'TUPANG', '031713'),
(537, 'W001740', 'RUHYAT H', '031801'),
(538, 'W004002', 'NURIL ANWAR', '031802'),
(539, 'W003191', 'HAIRUL ANWAR', '031803'),
(540, 'W001743', 'RUDIANTO', '031804'),
(541, 'W001744', 'SAHRI', '031805'),
(542, 'W003454', 'BAHRI BIN BAGAWI', '031806'),
(543, 'W001746', 'SAILI BIN NIPON', '031807'),
(544, 'W001747', 'M. SOLEH BIN MANG ANUM', '031808'),
(545, 'W001753', 'SISWANTO', '031809'),
(546, 'W001755', 'SLAMET SUMBONO', '031810'),
(547, 'W001754', 'SULAIMAN SUPRIANTO', '031811'),
(548, 'W001751', 'SARIMAN', '031812'),
(549, 'W004371', 'SUMARYANTO', '031813'),
(550, 'W003572', 'UCO SUHARSO', '031901'),
(551, 'W003870', 'NURIAWAN', '031902'),
(552, 'W003455', 'SUTARDI', '031903'),
(553, 'W004298', 'SUDIRMAN', '031904'),
(554, 'W001769', 'ZUL PADLI', '031905'),
(555, 'L105670', 'SUPARJO', '031906'),
(556, 'W001771', 'IMAM JAJULI', '031907'),
(557, 'W003871', 'ALEX BIN YUSNAN', '031908'),
(558, 'W001764', 'YASIR', '031909'),
(559, 'W004271', 'DAYAT DARMAWAN', '031910'),
(560, 'W002887', 'MUCHTAR KUSUMA ATMAJA', '031911'),
(561, 'W001767', 'ZAINI', '031912'),
(562, 'W001768', 'ZAMILUDIN', '031913'),
(563, 'W001775', 'ABDUL KALIM', '032001'),
(564, 'W003150', 'TURSENO', '032002'),
(565, 'W001777', 'ABDUL HAMID', '032003'),
(566, 'W002904', 'SLAMET SUBAGYO', '032004'),
(567, 'W003151', 'IBRAHIM', '032005'),
(568, 'W001780', 'ZAINUDIN MAOTOK', '032006'),
(569, 'W001781', 'ADAM IDRIS', '032007'),
(570, 'W003152', 'SOPIAN', '032008'),
(571, 'W001783', 'AFWANI MUSTOFA', '032009'),
(572, 'W003573', 'ALMIZAN BIN M. NAWAR', '032010'),
(573, 'W001785', 'AGUS RIANTO', '032011'),
(574, 'W003153', 'ZAIRI BIN ZAINI', '032012'),
(575, 'W003001', 'INDRA', '032013'),
(576, 'W004372', 'RIAN FREDI MUSTOFA', '032101'),
(577, 'W003857', 'SUGIYANTO', '032102'),
(578, 'W001793', 'AGUS YABANI BIN KARWAT', '032103'),
(579, 'W001805', 'AYUB', '032104'),
(580, 'W001795', 'ALI  HASAN', '032105'),
(581, 'W003728', 'IMADE SUPARTA', '032106'),
(582, 'W004322', 'SUPARJO RUSTAM', '032107'),
(583, 'W001798', 'HERI WIDODO', '032108'),
(584, 'W004115', 'ZAINAL ABIDIN', '032109'),
(585, 'W001800', 'BARKUK BIN SAIDIN', '032110'),
(586, 'W003154', 'SUALI', '032111'),
(587, 'W001802', 'FERI HARIADI', '032112'),
(588, 'W001806', 'SUTOPO BIN JUMADI', '032113'),
(589, 'W003939', 'JUMIYO', '032201'),
(590, 'W002965', 'GIDEON UNTUNG', '032202'),
(591, 'W001809', 'IRSAN PAHLEPI', '032203'),
(592, 'W004153', 'APRIANDANI', '032204'),
(593, 'W003876', 'BUDI PRAKOSO', '032205'),
(594, 'W001812', 'ELVI ROSI BIN ASMADI', '032206'),
(595, 'W003155', 'EKO', '032207'),
(596, 'W002966', 'SANTOSO', '032208'),
(597, 'W001821', 'BASUKI', '032209'),
(598, 'W001816', 'NURDIN BIN USIN', '032210'),
(599, 'W001822', 'HADI SUWITO', '032211'),
(600, 'W001818', 'SAPRIADI BIN JAMA ANI', '032212'),
(601, 'W004421', 'DIDI HARIANTO', '032213'),
(602, 'W004134', 'KENDRI', '032301'),
(603, 'W003916', 'ASEP HENDRA', '032302'),
(604, 'W004091', 'YULIUS', '032303'),
(605, 'W003832', 'IRWAN SUPRIADI', '032304'),
(606, 'W003917', 'MUHRODI', '032305'),
(607, 'W001828', 'GUSTER IMPERIASI', '032306'),
(608, 'W001829', 'DEDI AGUS SUTIYONO', '032307'),
(609, 'W001830', 'IMAM ALI SUMBOWO', '032308'),
(610, 'W001831', 'FIRMANSYAH', '032309'),
(611, 'W004299', 'SISWANTO', '032310'),
(612, 'W001833', 'HAIROI EFENDI', '032311'),
(613, 'W001834', 'JEMU', '032312'),
(614, 'W001835', 'HAIRUDDIN BIN BAHRUN', '032313'),
(615, 'W004210', 'SUBROTO', '032401'),
(616, 'W001840', 'HOIRI BIN NURDIN', '032402'),
(617, 'W003893', 'ABU YAZID', '032403'),
(618, 'W004272', 'SYAMSUL HADI', '032404'),
(619, 'W003890', 'SARMIDI', '032405'),
(620, 'W003894', 'HARIYANTO', '032406'),
(621, 'W003891', 'SOBRIYANSYAH', '032407'),
(622, 'W001846', 'SARMADI', '032408'),
(623, 'W001847', 'SOBIRIN BIN HUSIN', '032409'),
(624, 'W003457', 'MARWAN BIN M. ALI MULIONO', '032410'),
(625, 'W002905', 'DEDI HARYONO', '032411'),
(626, 'W004211', 'EKO BUDIANTO', '032412'),
(627, 'W003458', 'MOHAMAD ANSYORI', '032413'),
(628, 'W003858', 'AKIYAT', '032501'),
(629, 'W003723', 'HERNADI', '032502'),
(630, 'W001857', 'IHWANTOYO', '032503'),
(631, 'L105677', 'RAHMANTO', '032504'),
(632, 'L105062', 'MARYANTO', '032506'),
(633, 'W003808', 'TOYIB', '032507'),
(634, 'W001869', 'BADARUDIN BIN FACHRUROZI', '032508'),
(635, 'W001868', 'ABU BAKAR SIDIK', '032509'),
(636, 'W003216', 'HARIYANTO', '032510'),
(637, 'W001865', 'JOHAN IDRIS', '032511'),
(638, 'W004202', 'EDI EFENDI SETIAWAN', '032512'),
(639, 'W003460', 'UMAR BIN M. SALEH', '032513'),
(640, 'W004339', 'DEBI SAPUTRA', '032601'),
(641, 'W004340', 'AHMAD APRISANI', '032602'),
(642, 'W003158', 'BOIRAN', '032603'),
(643, 'L108670', 'SUTRISNO', '032604'),
(644, 'L110323', 'BUDIONO', '032605'),
(645, 'W003159', 'SAHLANI', '032606'),
(646, 'W003160', 'NAZORI', '032607'),
(647, 'W001885', 'TARNO', '032608'),
(648, 'W001886', 'BUJANG GALA', '032609'),
(649, 'W003843', 'HASBULLAH', '032610'),
(650, 'W001881', 'M. SYAIFULLAH', '032611'),
(651, 'W003013', 'SUMINTO', '032612'),
(652, 'W003844', 'RIZALLUDIN', '032613'),
(653, 'W003161', 'KATIJAN', '032701'),
(654, 'W003162', 'NUR MISBAH', '032702'),
(655, 'W003163', 'JAMARI', '032703'),
(656, 'W001890', 'MARIMAN BIN GUNADI', '032704'),
(657, 'W003164', 'GUNADI', '032705'),
(658, 'W004414', 'MAQSUDI', '032706'),
(659, 'W004422', 'MUAIDIN', '032707'),
(660, 'W004347', 'ROHMAD', '032708'),
(661, 'W003166', 'SUDIYONO', '032709'),
(662, 'W003167', 'PARJIO BIN ISNARMO', '032710'),
(663, 'W003461', 'ROMLI SATRIADI', '032711'),
(664, 'W003168', 'M. SIHABUDIN', '032712'),
(665, 'W003169', 'MULYANTO BIN M. SYARKOWI', '032713'),
(666, 'W001903', 'SLAMET MARGIONO', '032801'),
(667, 'W003170', 'GIYONO', '032802'),
(668, 'W004323', 'ABDURAHMAN', '032803'),
(669, 'W004423', 'APRIYANSYAH', '032804'),
(670, 'L104579', 'AGUS NIZAR', '032805'),
(671, 'W001908', 'ROZIKAN', '032806'),
(672, 'W003172', 'SUKIRNO', '032807'),
(673, 'W001910', 'MUCHLIS', '032808'),
(674, 'W003173', 'PURWANTO', '032809'),
(675, 'W003174', 'WIRATNO', '032810'),
(676, 'W003463', 'SLAMET SULAMTO', '032811'),
(677, 'W001914', 'MARWAN', '032812'),
(678, 'W003464', 'SUKRAN HADI', '032813'),
(679, 'W004003', 'AFANDI SUHARTONO', '032901'),
(680, 'W001920', 'SUYATNO', '032902'),
(681, 'W001921', 'PONIRIN', '032903'),
(682, 'W003850', 'SRI MURNIAWAN', '032904'),
(683, 'W001923', 'RAMDANI BIN DARMI', '032905'),
(684, 'W003906', 'KATIRAN', '032906'),
(685, 'W001925', 'RUSLI B. M LEKAT', '032907'),
(686, 'W004373', 'KARNAIN', '032908'),
(687, 'W001934', 'TAUFIK', '032909'),
(688, 'W003465', 'ANI SOFIAN', '032910'),
(689, 'W001932', 'MUHDORI', '032911'),
(690, 'W001930', 'MUSLICHIN', '032912'),
(691, 'W001931', 'RIYANTO BIN TUMIJO', '032913'),
(692, 'W001948', 'SUNARTO BIN SURIDAM', '033001'),
(693, 'W001936', 'SUKAMTO BIN KAMENO', '033002'),
(694, 'L103824', 'SUHARTO', '033003'),
(695, 'W001938', 'SAFARUDDIN', '033004'),
(696, 'L110414', 'MARMIN', '033005'),
(697, 'W001940', 'SUKAMTO HASANUDDIN', '033006'),
(698, 'W001949', 'BURHANI BIN BAKSAN', '033007'),
(699, 'W003176', 'BUSTAMAN', '033008'),
(700, 'W001943', 'SAIPURROHIM', '033009'),
(701, 'W004229', 'MUHAMMAD SUBANDI', '033010'),
(702, 'W004212', 'EKA SANDRA SAPUTRA', '033011'),
(703, 'W004154', 'AAN JURIANTO', '033012'),
(704, 'W004230', 'NOVRIZAL', '033013'),
(705, 'W001998', 'WARSONO', '033101'),
(706, 'W004415', 'SLAMET ARIYADI', '033102'),
(707, 'W002988', 'PENDI', '033103'),
(708, 'W003772', 'AWANG SARWIDI DP', '033104'),
(709, 'W001955', 'SIDIK', '033105'),
(710, 'W004341', 'BAYU SANJAYA', '033106'),
(711, 'W001957', 'RUSLI BIN ROZAK', '033107'),
(712, 'W001958', 'SUDARMAN BIN NORI', '033108'),
(713, 'W001959', 'SISWANTO', '033109'),
(714, 'W003842', 'SUJADI', '033110'),
(715, 'W003466', 'DARYONO BIN ROIN', '033111'),
(716, 'W001962', 'HERMAN BIN YAMIN', '033112'),
(717, 'W001963', 'SUTOYO BIN SUMAEDI', '033113'),
(718, 'W003178', 'WIRA SAPUTRA', '033201'),
(719, 'W001980', 'SARMIDI', '033202'),
(720, 'W001969', 'SOBRI', '033203'),
(721, 'W001970', 'TARMUJI', '033204'),
(722, 'W004180', 'IHSAN ROCHANI', '033205'),
(723, 'W003467', 'NURSYAHID', '033206'),
(724, 'W004155', 'M. AGUNG BUDI SANTOSO', '033207'),
(725, 'W003795', 'YONIAMA', '033208'),
(726, 'W003859', 'AROHMAN HADIN', '033209'),
(727, 'W001976', 'T. SUPARYONO', '033210'),
(728, 'W003877', 'DERI', '033211'),
(729, 'W003796', 'NGATMIN', '033212'),
(730, 'W004324', 'BENI', '033213'),
(731, 'W001983', 'SUHADI', '033301'),
(732, 'W001984', 'SUHARI B', '033302'),
(733, 'W002855', 'KHUSNUL YAQIN', '033303'),
(734, 'W001986', 'TARMONO', '033304'),
(735, 'W001987', 'SUBUR SUGIARTO', '033305'),
(736, 'W001996', 'YUDI ARLI', '033306'),
(737, 'W001989', 'WAHONO', '033307'),
(738, 'W001990', 'SLAMET MARDIYANTO', '033308'),
(739, 'W002889', 'CIK UMAR', '033309'),
(740, 'W001992', 'KENEDI', '033310'),
(741, 'W004135', 'AHMAD SUBEKI', '033311'),
(742, 'W003994', 'CIPTO WALUYO', '033312'),
(743, 'W002461', 'SAFRUDIN', '033313'),
(744, 'W002906', 'KUSWANTO', '033401'),
(745, 'W002000', 'JUMIKO', '033402'),
(746, 'W002001', 'YAHMAN', '033403'),
(747, 'W002002', 'ZULKARNAEN', '033404'),
(748, 'W004213', 'MIRLANI BUSIRI', '033405'),
(749, 'W003909', 'JUHEP', '033406'),
(750, 'W004246', 'JEET ENDRA', '033407'),
(751, 'W002006', 'SUPARI', '033408'),
(752, 'W002007', 'ZET ELI ALAMSYAH', '033409'),
(753, 'W002008', 'ZAINURI BIN M. ZEN', '033410'),
(754, 'W002009', 'EDI HERMANTO', '033411'),
(755, 'W003941', 'BENSON', '033412'),
(756, 'W002011', 'ZAMHARI BIN MUHAMMAD', '033413'),
(757, 'W003179', 'AHMAD RIYANTO', '033501'),
(758, 'W003180', 'FAIZAL', '033502'),
(759, 'W002017', 'HERMAN', '033503'),
(760, 'W004005', 'CAHYO NUGROHO', '033504'),
(761, 'W002019', 'ISMAIL BIN RD MISLIMIN', '033505'),
(762, 'W004312', 'SAHID IRFANI', '033506'),
(763, 'W003181', 'M. HERIYADI', '033507'),
(764, 'W002030', 'SUNARDI', '033508'),
(765, 'W002023', 'SUGENG PRIYADI', '033509'),
(766, 'W002907', 'SURARIYO', '033510'),
(767, 'W002025', 'SUBARDI', '033511'),
(768, 'W004116', 'HENDRO PURNOMO', '033512'),
(769, 'W004300', 'TRI RAHAYU WIBOWO', '033513'),
(770, 'W003182', 'SUYONO BIN KADIMIN', '033601'),
(771, 'W002949', 'DIRJO JOKO S', '033602'),
(772, 'W004374', 'SETIA  RIZKY AGUNG', '033603'),
(773, 'L103744', 'ZUBAIRI', '033604'),
(774, 'W002040', 'ALI SUHA', '033605'),
(775, 'W002041', 'ADIL MAKMUR ZALIK', '033606'),
(776, 'L107543', 'JUMADI', '033607'),
(777, 'L107550', 'KORNELIS', '033608'),
(778, 'W002044', 'KOHAR', '033609'),
(779, 'L105094', 'KURYADI', '033610'),
(780, 'W002908', 'SISWANDI', '033611'),
(781, 'W002049', 'ASWIN', '033612'),
(782, 'W002048', 'HASAN JAYA', '033613'),
(783, 'W004435', 'ANSORI', '033701'),
(784, 'W004392', 'ARDIYANSAH', '033702'),
(785, 'W002067', 'ASRI BIN HASAN', '033703'),
(786, 'W002055', 'INDRA', '033704'),
(787, 'L106482', 'MUHAIMIN', '033705'),
(788, 'W002065', 'LIPRIADI', '033706'),
(789, 'W004424', 'RIAN HIDAYAT', '033707'),
(790, 'W002066', 'DARMAN BIN HESAN', '033708'),
(791, 'W002060', 'AGUS SUPRIYANTO', '033709'),
(792, 'W002061', 'KHAIRUDDIN', '033710'),
(793, 'W002062', 'ANDI ALFIAN', '033711'),
(794, 'W002063', 'LENHAR', '033712'),
(795, 'W002013', 'YURDA', '033713'),
(796, 'W002856', 'WAKIDUN', '033801'),
(797, 'W003854', 'AMAT SULURI', '033802'),
(798, 'W002070', 'WISLAN BIN YASIN', '033803'),
(799, 'W002071', 'ALFARIZON B. MOHD UDIN', '033804'),
(800, 'W003897', 'SUKANDAR', '033805'),
(801, 'W003749', 'HASRUL', '033806'),
(802, 'W002074', 'RUSDI M. SOLEH', '033807'),
(803, 'W002075', 'BANI', '033808'),
(804, 'W002076', 'RUSNO WIDIADI', '033809'),
(805, 'W003645', 'ALENDRA', '033810'),
(806, 'W002082', 'ANTON VATONI', '033811'),
(807, 'W002079', 'DEDI WAHYUDI B.M. KARSI', '033812'),
(808, 'W002081', 'SAMSUL BAHRI', '033813'),
(809, 'W002857', 'KRISNO WIDODO', '033901'),
(810, 'W002085', 'SYARBINI BIN SYAFEI', '033902'),
(811, 'W003901', 'TUKIRAN', '033903'),
(812, 'W003898', 'ARI CANDRA', '033904'),
(813, 'W002909', 'HAYATULLAH', '033905'),
(814, 'W002097', 'HAIRU BIN BADRUDIN', '033906'),
(815, 'W003468', 'SUHENDRI ZAENURI', '033907'),
(816, 'W002091', 'SUNARTO', '033908'),
(817, 'W002451', 'SUSILO BIN SAMSI', '033909'),
(818, 'W002093', 'UMAR SISWADI', '033910'),
(819, 'W003895', 'RUSTAM AWALUDIN', '033911'),
(820, 'W002095', 'ZAIRONI YAUZAH', '033912'),
(821, 'W002910', 'RODILA', '033913'),
(822, 'W002114', 'M. ZAWAWI', '034001'),
(823, 'W002113', 'ERI BIN M. SYAHRI', '034002'),
(824, 'W003797', 'ABDUL ROZIQ', '034003'),
(825, 'W002012', 'NAJMI', '034004'),
(826, 'W003184', 'HERALUDIN', '034005'),
(827, 'W002105', 'CANDRA IRAWAN', '034006'),
(828, 'W003362', 'ROHIMIN', '034007'),
(829, 'W002107', 'ALFIAN SUKAISI', '034008'),
(830, 'W002858', 'USMAN YUDI', '034009'),
(831, 'W002946', 'RUSTAM EFENDI', '034010'),
(832, 'W002110', 'LILIK HARYADI', '034011'),
(833, 'W002111', 'MARTONO', '034012'),
(834, 'W002112', 'M. ROKHIMIN', '034013'),
(835, 'W002116', 'FAUZI', '034101'),
(836, 'W003902', 'SUTAMSIR', '034102'),
(837, 'W003798', 'SARISPAN', '034103'),
(838, 'W002119', 'MUHAMMAD YUSER', '034104'),
(839, 'W002120', 'HERU SUMBODRO', '034105'),
(840, 'W003498', 'SIJANTO', '034106'),
(841, 'W002990', 'SAMAN', '034107'),
(842, 'W002123', 'MOHAMMAD ASMAWI', '034108'),
(843, 'W002859', 'ERI SAPUTRA', '034109'),
(844, 'W002129', 'ISMAIL BIN  BUJING', '034110'),
(845, 'W002126', 'MUHAMMAD FAHRUDIN', '034111'),
(846, 'W002127', 'HUSNI THAMRIN BIN J', '034112'),
(847, 'W002128', 'MOHAMAD SAHUDI', '034113'),
(848, 'L110286', 'SUWASTO', '034201'),
(849, 'W002133', 'M. YUSUF BIN USMAN', '034202'),
(850, 'W002134', 'MULYADI', '034203'),
(851, 'W002911', 'MUSOLI', '034204'),
(852, 'W002136', 'SAFRIZAL', '034205'),
(853, 'W002912', 'ZAINUL ARYA FAISAL', '034206'),
(854, 'W003577', 'ROHMAN', '034207'),
(855, 'W002145', 'RAMDANI', '034208'),
(856, 'W003185', 'SUHARNO', '034209'),
(857, 'W002141', 'PURWANTO BIN PONIMAN', '034210'),
(858, 'W002142', 'MARIMAN', '034211'),
(859, 'W002143', 'PURWANTO BIN PONIMIN', '034212'),
(860, 'W002144', 'MARWOTO', '034213'),
(861, 'W002148', 'MAUJUD TAHIDIN BIN C. N', '034301'),
(862, 'W003904', 'BIBIT SANTOSO', '034302'),
(863, 'W002150', 'MUJIANTO', '034303'),
(864, 'W004006', 'MUKHTAR WAGINU', '034304'),
(865, 'W002152', 'MURSAL BIN MAHDUM', '034305'),
(866, 'W003972', 'FATRULLOH', '034306'),
(867, 'W002490', 'EDI PRINGGO', '034307'),
(868, 'W002155', 'SAMSURI', '034308'),
(869, 'W002163', 'SUKIRNO', '034309'),
(870, 'L106470', 'MASNGUTAMRI', '034310'),
(871, 'W002860', 'SUPARMIN', '034311'),
(872, 'W003791', 'LISTAMAN AJI', '034312'),
(873, 'L104826', 'PARNO', '034313'),
(874, 'L103828', 'A. ZAINI', '034401'),
(875, 'W002179', 'TUGIYONO', '034402'),
(876, 'W004438', 'WAHYU RIZA HERMAWAN', '034403'),
(877, 'W002167', 'SUPRIYANTO', '034404'),
(878, 'L104544', 'SEPRI ANDI', '034405'),
(879, 'L103831', 'DWI BOWO S', '034406'),
(880, 'W002170', 'SUBLI', '034407'),
(881, 'W002171', 'SUSILO', '034408'),
(882, 'W002487', 'FAHRUL ISKANDAR', '034409'),
(883, 'W002173', 'SUTARMAN BIN WIDI', '034410'),
(884, 'W002174', 'SUDIONO KT', '034411'),
(885, 'W002177', 'TEDY SUPRATIK', '034412'),
(886, 'W003851', 'SUPRIADI', '034413'),
(887, 'W002180', 'SUGIYARNO', '034501'),
(888, 'L103832', 'HAMBALI', '034502'),
(889, 'W003873', 'MAKRUSDIN', '034503'),
(890, 'W002195', 'ZULYADI', '034504'),
(891, 'W002913', 'AGUS AHMADI', '034505'),
(892, 'W002259', 'ABDUL KHODIR YOSIKA', '034506'),
(893, 'W002186', 'SUGIO SUSILO PARMONO', '034507'),
(894, 'W003845', 'JUMADI', '034508'),
(895, 'W002862', 'ETRYANSYAH', '034509'),
(896, 'L103868', 'SAWUN RIYANTO', '034510'),
(897, 'L103870', 'SIDI PURNOMO', '034511'),
(898, 'L107490', 'ROZIKIN', '034512'),
(899, 'W004375', 'BUDI SANTOSO', '034513'),
(900, 'W002196', 'ZULKARNAIN', '034601'),
(901, 'L103519', 'M. KUSWANTO', '034602'),
(902, 'W002891', 'SUYONO', '034603'),
(903, 'W002991', 'SYAIPUL', '034604'),
(904, 'W003773', 'RISON BIN TAYIB', '034605'),
(905, 'W002914', 'EDI MARWANTO', '034606'),
(906, 'W002202', 'SUJAMUS', '034607'),
(907, 'W003500', 'SUDARTO BIN KASMAT', '034608'),
(908, 'W003582', 'MUHAMAD BAHRUN', '034609'),
(909, 'W002205', 'SUPRAT', '034610'),
(910, 'W002210', 'TRISON', '034611'),
(911, 'W003470', 'YUNARDI', '034612'),
(912, 'W002208', 'SUGIYATNO', '034613'),
(913, 'W003186', 'IMRON', '034701'),
(914, 'W003830', 'PUTRAWAN', '034702'),
(915, 'W002226', 'JAHWANI', '034703'),
(916, 'W002215', 'M. KHANAFI', '034704'),
(917, 'L107664', 'ZULKIFLI', '034705'),
(918, 'W004313', 'ERFAN SAPUTRA', '034706'),
(919, 'W003968', 'RAFIUDIN', '034707'),
(920, 'W002892', 'SABAR', '034708'),
(921, 'L110003', 'SELAMET', '034709'),
(922, 'W002227', 'SIRWAD', '034710'),
(923, 'W002222', 'WAGIRAN', '034711'),
(924, 'W002223', 'HUSEN SASTRA NEGARA', '034712'),
(925, 'W004425', 'HERIYANTO', '034713'),
(926, 'W002228', 'KUSWANTO', '034801'),
(927, 'W002229', 'HASAN', '034802'),
(928, 'W002230', 'HAMDANI', '034803'),
(929, 'W002231', 'KUSTONO', '034804'),
(930, 'W002232', 'SAIFUL HADI', '034805'),
(931, 'W002233', 'SUGIYONO', '034806'),
(932, 'W002234', 'AHMAD SURANI', '034807'),
(933, 'W002235', 'KUSMIRAN', '034808'),
(934, 'W002492', 'ARNO BIN SOLEH', '034809'),
(935, 'W002237', 'HARI HUSODO', '034810'),
(936, 'W002241', 'MUHAMAD ASROFI', '034811'),
(937, 'W002243', 'IHWANTO', '034812'),
(938, 'W002240', 'NUARI', '034813'),
(939, 'W002244', 'WAHAB', '034901'),
(940, 'W004156', 'ARI SUSANTO', '034902'),
(941, 'W002246', 'NAJAMUDIN', '034903'),
(942, 'W002247', 'IMRON', '034904'),
(943, 'W003646', 'SUKARDI', '034905'),
(944, 'W003976', 'MUHAMAD  ALIHUDIN', '034906'),
(945, 'W002250', 'GUNAWAN', '034907'),
(946, 'W002251', 'GANDA SUGIARTO', '034908'),
(947, 'W002916', 'DARIYA', '034909'),
(948, 'W004167', 'KHOIRUN NASIHIN', '034910'),
(949, 'W002254', 'NURMAN', '034911'),
(950, 'W003647', 'IWAN SURYADI', '034912'),
(951, 'W003860', 'SARNO', '034913'),
(952, 'W003648', 'BENY MARETA CHANDRA', '035001'),
(953, 'W003649', 'YULI MUGNI', '035002'),
(954, 'W002917', 'AJAT SUHAJAT', '035003'),
(955, 'W003650', 'TAUFIQ YUSUF', '035004'),
(956, 'W002264', 'SAFARUDIN', '035005'),
(957, 'W004367', 'PAULOS NOVENDI', '035006'),
(958, 'W002266', 'EDI HARYANTO', '035007'),
(959, 'W002275', 'PAINO', '035008'),
(960, 'W002268', 'JEMONO', '035009'),
(961, 'W002269', 'ISWORO', '035010'),
(962, 'W003575', 'WIDARTO', '035011'),
(963, 'W002271', 'SOBIRIN', '035012'),
(964, 'W004093', 'MUHAMMAD SHOLIHIN', '035013'),
(965, 'W004065', 'MUHAMMAD ANSORI', '035101'),
(966, 'W002277', 'DARPAN', '035102'),
(967, 'W002278', 'KANJANI', '035103'),
(968, 'W004047', 'ZAINAL WALUYO', '035104'),
(969, 'W002918', 'NURDIN', '035105'),
(970, 'W002281', 'RAHMAT', '035106'),
(971, 'W003698', 'TARMUJI', '035107'),
(972, 'W002283', 'SUKARMAN', '035108'),
(973, 'W004066', 'MANSYUR', '035109'),
(974, 'W002290', 'NURYASIN', '035110'),
(975, 'W002387', 'SURATNO', '035111'),
(976, 'W004355', 'HADI ISWANTO', '035112'),
(977, 'W002288', 'BAMBANG S. RAHMAJI', '035113'),
(978, 'W002292', 'SUMARWAN', '035201'),
(979, 'W002305', 'DIMAN', '035202'),
(980, 'W002294', 'MULYANI', '035203'),
(981, 'W002307', 'AMAT JULIADISMAN', '035204'),
(982, 'W003886', 'WALUYO', '035205'),
(983, 'W004393', 'JON HERWAN', '035206'),
(984, 'W002298', 'AMRAN', '035207'),
(985, 'W002993', 'SISWANTO', '035208'),
(986, 'W002306', 'CITRO SUWARNO', '035209'),
(987, 'W004137', 'EKO SUSANTO', '035210'),
(988, 'W002302', 'A. JAINI', '035211'),
(989, 'W002303', 'PAIDI', '035212'),
(990, 'W002304', 'AHMAD MUHIDIN', '035213'),
(991, 'W003799', 'BUNYAMIN', '035301'),
(992, 'W002309', 'ZAKARIA', '035302'),
(993, 'W002310', 'SUTANTO', '035303'),
(994, 'W004214', 'AMZAH', '035304'),
(995, 'W004273', 'MUHAMMAD UBAIDILLAH', '035305'),
(996, 'W002313', 'SUKATNO', '035306'),
(997, 'W002994', 'WINARDI', '035307'),
(998, 'W002315', 'EFENDI', '035308'),
(999, 'W002321', 'NURHADI', '035309'),
(1000, 'W002974', 'SAHALA WANDI M. SILABAN', '035310'),
(1001, 'W004247', 'MUHARUM', '035311'),
(1002, 'W004215', 'EKO SULISTIONO', '035312'),
(1003, 'W002975', 'JASWADI', '035313'),
(1004, 'W002324', 'PANGGIH IRAWAN', '035401'),
(1005, 'W002325', 'SUPRIYADI', '035402'),
(1006, 'W002337', 'SARDI', '035403'),
(1007, 'W002995', 'SUMARNO', '035404'),
(1008, 'W003750', 'JALANI SIBURIAN', '035405'),
(1009, 'W002329', 'HAMDAN', '035406'),
(1010, 'W002330', 'ISKANDAR', '035407'),
(1011, 'W002331', 'SUTRISNO', '035408'),
(1012, 'W002332', 'SARWAN', '035409'),
(1013, 'W002969', 'ANDRIADI', '035410'),
(1014, 'W002970', 'BUDIYONO', '035411'),
(1015, 'W002335', 'BEJO HARYANTO', '035412'),
(1016, 'W002336', 'ALEX SUBANGUN', '035413'),
(1017, 'W002340', 'MAD WIWIK', '035501'),
(1018, 'W002861', 'AGUS SETIAWAN', '035502'),
(1019, 'W003824', 'FERI IRWANSYAH', '035503'),
(1020, 'W002343', 'SUWAJI', '035504'),
(1021, 'W002344', 'ASWANDI', '035505'),
(1022, 'W003825', 'SUROTO', '035506'),
(1023, 'W003108', 'ERWIN', '035507'),
(1024, 'W002353', 'SURONO', '035508'),
(1025, 'W002348', 'PONIDI', '035509'),
(1026, 'W002349', 'MOHAMAD KULHADI', '035510'),
(1027, 'W002350', 'DEDI SUPRIADI', '035511'),
(1028, 'W002351', 'MARWAN', '035512'),
(1029, 'W002352', 'SOKHIBUN', '035513'),
(1030, 'W002919', 'WAWAN JUANDA', '035601'),
(1031, 'W002357', 'SAPARUDIN', '035602'),
(1032, 'W002358', 'SYUKUR', '035603'),
(1033, 'W002893', 'SAMSUL ANWAR', '035604'),
(1034, 'W002920', 'ROKIB ALJABRIK', '035605'),
(1035, 'W002863', 'SISWANTO', '035606'),
(1036, 'W002362', 'SURYANTO', '035607'),
(1037, 'W004301', 'YUSUF HIDAYAT', '035608'),
(1038, 'W002364', 'CEK ALI BIN JAKFAR', '035609'),
(1039, 'W003187', 'SUNARTO', '035610'),
(1040, 'W002370', 'HERMAN', '035611'),
(1041, 'W002367', 'SUYANTO', '035612'),
(1042, 'W002368', 'BONIRAN', '035613'),
(1043, 'W002385', 'TEKAD', '035701'),
(1044, 'W002373', 'TABINGIN', '035702'),
(1045, 'W003979', 'SUGONDO', '035703'),
(1046, 'W003751', 'ABDUL ROHMAN', '035704'),
(1047, 'W004376', 'SARONO YM', '035705'),
(1048, 'W003007', 'SUPRIYADI', '035706'),
(1049, 'W002921', 'ROHMAT', '035707'),
(1050, 'W002379', 'SUMYATI', '035708'),
(1051, 'W003752', 'SUWANTO', '035709'),
(1052, 'W002381', 'TEGUH RIYADI', '035710'),
(1053, 'W004181', 'ZAINUR ROHIM', '035711'),
(1054, 'W002971', 'RIZALLUDIN', '035712'),
(1055, 'W003008', 'TAUFIK', '035713'),
(1056, 'W002401', 'MARHAN EFENDI', '035801'),
(1057, 'W002984', 'HERI SUTOPO', '035802'),
(1058, 'W003861', 'SANTOSO', '035803'),
(1059, 'W002403', 'TULUS SANTOSO', '035804'),
(1060, 'W002976', 'SAFRUDIN', '035805'),
(1061, 'W002393', 'SYAMSUL QODIR', '035806'),
(1062, 'W002394', 'MARSEHONO', '035807'),
(1063, 'W002395', 'KHAIRUL UMAM', '035808'),
(1064, 'W003651', 'M. CAHYA', '035809'),
(1065, 'W002397', 'SUHERMAN', '035810'),
(1066, 'W003009', 'MISBAHUDIN', '035811'),
(1067, 'W004008', 'HENDRO SUSANTO', '035812'),
(1068, 'W004274', 'SUPARDI', '035813'),
(1069, 'W003652', 'SUPRAYOGI', '035901'),
(1070, 'W002405', 'MUKRI', '035902'),
(1071, 'W004356', 'ANDI NAMTO PRATIKNO', '035903'),
(1072, 'W004067', 'ANDIK WINDARTO', '035904'),
(1073, 'W002408', 'SLAMET MARIYANTO', '035905'),
(1074, 'W002409', 'MUJITO', '035906'),
(1075, 'W004048', 'EKO MARGO SUSILO WS', '035907'),
(1076, 'W004117', 'ARLAN', '035908'),
(1077, 'W002412', 'KASAN JUNAIDI', '035909'),
(1078, 'W002413', 'FRENGKI', '035910'),
(1079, 'W004248', 'JAINUDIN RAHMAT', '035911'),
(1080, 'W002977', 'SUPRIADI', '035912'),
(1081, 'W004275', 'IMAM MUHAIMIN', '035913'),
(1082, 'W004216', 'WAHYU', '036001'),
(1083, 'L105787', 'IHSAN SUHDI', '036002'),
(1084, 'L105759', 'GUTEMI', '036003'),
(1085, 'L106993', 'SUPARDIANTO', '036004'),
(1086, 'W004094', 'BAKRI', '036005'),
(1087, 'W004068', 'EKO APRIANTO', '036006'),
(1088, 'L108658', 'SYAFRIZAL', '036007'),
(1089, 'L107471', 'GUNTUR', '036008'),
(1090, 'W003729', 'SAMSURI', '036009'),
(1091, 'W004348', 'JONI APRIYADI', '036010'),
(1092, 'W004276', 'HENDRI SAPUTRA', '036011'),
(1093, 'L108267', 'SUWARI', '036012'),
(1094, 'W004203', 'DEDI IRAWAN', '036013'),
(1095, 'L108515', 'SAMIJO', '036101'),
(1096, 'W004277', 'HARI YANTO', '036102'),
(1097, 'L108465', 'FATONI', '036103'),
(1098, 'L107723', 'AGUSMAN', '036104'),
(1099, 'L108319', 'HENDRA BADAR', '036105'),
(1100, 'L108277', 'HULIANUDIN', '036106'),
(1101, 'L106814', 'JAYADI', '036107'),
(1102, 'L106632', 'SURATMAN', '036108'),
(1103, 'L108251', 'ARYA KOMAR', '036109'),
(1104, 'L108257', 'RUDI HARTONO', '036110'),
(1105, 'L108416', 'MARPA\'I', '036111'),
(1106, 'L108549', 'SAMSURI', '036112'),
(1107, 'L108269', 'SAPAR', '036113'),
(1108, 'W004069', 'WAWANSYAH', '036201'),
(1109, 'L108560', 'SUPRIYONO', '036202'),
(1110, 'L108566', 'YUSUF', '036203'),
(1111, 'L108584', 'JAMIRUDIN', '036204'),
(1112, 'W004070', 'RANTO', '036205'),
(1113, 'L108617', 'SABA  ARIYANTO', '036206'),
(1114, 'L108619', 'ISMAIL', '036207'),
(1115, 'L108647', 'SUTRISNO', '036208'),
(1116, 'W004217', 'KAELANI', '036209'),
(1117, 'L107510', 'BASIR', '036210'),
(1118, 'L108668', 'PURWANTO', '036211'),
(1119, 'L108687', 'AGUS PRANOMO', '036212'),
(1120, 'L103018', 'SUPADI/SUYUDIYONO', '036213'),
(1121, 'L108690', 'SUPRIYONO', '036301'),
(1122, 'W003888', 'MUHAMMAD SUPARI', '036302'),
(1123, 'L108710', 'SURATMAN', '036303'),
(1124, 'L108711', 'YUDI INDRAWAN', '036304'),
(1125, 'L111346', 'ASADUDIN', '036305'),
(1126, 'L108105', 'MUJIAT', '036306'),
(1127, 'W004034', 'BURHANUDIN', '036307'),
(1128, 'L108114', 'MUKHTASAR JIDDAN', '036308'),
(1129, 'L108119', 'IMAM NAWAWI', '036309'),
(1130, 'L108126', 'EKA DENAWA', '036310'),
(1131, 'L108128', 'SUYONO', '036311'),
(1132, 'L108129', 'YULANI', '036312'),
(1133, 'L108130', 'SOFYAN', '036313'),
(1134, 'W003730', 'KUAT SLAMET', '036401'),
(1135, 'L106038', 'MARTONO', '036402'),
(1136, 'W004095', 'SUPRIYANTO', '036403'),
(1137, 'L106041', 'AGUS SUPRIYADI', '036404'),
(1138, 'L106055', 'AHMAD JAZULI', '036405'),
(1139, 'L111295', 'TRIYONO', '036406'),
(1140, 'W003690', 'IWAN STYADI', '036407'),
(1141, 'L105801', 'SUWIGNYO', '036408'),
(1142, 'W003706', 'BASRI', '036409'),
(1143, 'W003809', 'HERI SUJITO', '036410'),
(1144, 'L106573', 'SUWITO', '036411'),
(1145, 'L105854', 'KHOIYER B', '036412'),
(1146, 'W003820', 'HARUN HARAHAB', '036413'),
(1147, 'L109272', 'PRIYANTA', '036501'),
(1148, 'W003691', 'TORUS MANONTONG SIMBOLON', '036502'),
(1149, 'W003707', 'YUSTINUS PRIYONO', '036503'),
(1150, 'L103502', 'PARLUHUTAN HUTAGALUNG', '036504'),
(1151, 'W003817', 'FAISAL', '036505'),
(1152, 'L105873', 'SURYADI', '036506'),
(1153, 'W003708', 'SUMARNO', '036507'),
(1154, 'L106396', 'ZIKRI', '036508'),
(1155, 'L110702', 'ARDI', '036509'),
(1156, 'W004377', 'SUCI SUSILA', '036510'),
(1157, 'L106929', 'ABDURAHMAN', '036511'),
(1158, 'W004049', 'MUHAMMAD NAJIB', '036512'),
(1159, 'L106388', 'HAMIDI', '036513'),
(1160, 'W004168', 'SUGIONO', '036601'),
(1161, 'W004232', 'ADIYANTO', '036602'),
(1162, 'W003471', 'ALI JOHAN', '036603'),
(1163, 'W004403', 'JOKO SURANTO', '036604'),
(1164, 'L108518', 'MIFTAKUN', '036605'),
(1165, 'L107650', 'SAKRONY', '036606'),
(1166, 'L104930', 'SUPARMAN THALIB', '036607'),
(1167, 'L110733', 'YULIAN MA\'RUF', '036608'),
(1168, 'L108440', 'SARKOWI', '036609'),
(1169, 'L107675', 'AGUS SUYATNO', '036610'),
(1170, 'L110735', 'WALHADI', '036611'),
(1171, 'L108665', 'NGADINO', '036612'),
(1172, 'W004233', 'MUHAMMAD MAULANA', '036613'),
(1173, 'L107642', 'SARBANI', '036701'),
(1174, 'L107374', 'MARHAMID', '036702'),
(1175, 'L107254', 'YUNIZAR', '036703'),
(1176, 'L107455', 'M.TOHA', '036704'),
(1177, 'L110275', 'INDRAYANI', '036705'),
(1178, 'L107316', 'SAMIRUN', '036706'),
(1179, 'L107407', 'ASBUNADI', '036707'),
(1180, 'L100722', 'SUROTO', '036708'),
(1181, 'W004398', 'M. SOEB', '036709'),
(1182, 'L108203', 'SADELI', '036710'),
(1183, 'L107671', 'HAILUL AJIM', '036711'),
(1184, 'L107144', 'SUMARNO', '036712'),
(1185, 'L107659', 'SUPARDI HATTA', '036713'),
(1186, 'L104782', 'GHORIPUDIN', '036801'),
(1187, 'W003786', 'TRUBUS', '036802'),
(1188, 'W003709', 'MUHAMAD ALI MUHSON', '036803'),
(1189, 'L110387', 'MALISON OMANG', '036804'),
(1190, 'L104856', 'ANTON SETIAWAN', '036805'),
(1191, 'L104857', 'SUBROTO', '036806'),
(1192, 'W004218', 'RONAL AZWAN', '036807'),
(1193, 'L104860', 'SUPARYANTO', '036808'),
(1194, 'L104868', 'SUTEJO', '036809'),
(1195, 'L105690', 'MELYANTO', '036810'),
(1196, 'L111518', 'HASAN BASRI', '036811'),
(1197, 'W004380', 'SONI PAISAL', '036812'),
(1198, 'L104980', 'SUPARDI', '036813'),
(1199, 'L103476', 'ROHMAN SALEH', '036901'),
(1200, 'L103787', 'AKUAN FINZI', '036902'),
(1201, 'L104563', 'EDI APANTO', '036903'),
(1202, 'L106523', 'NASRULLOH', '036904'),
(1203, 'L108610', 'ZULKARNAIN', '036905'),
(1204, 'L108281', 'SURYANTO', '036906'),
(1205, 'W003732', 'SOLIHIN DEDI IRAWAN', '036907'),
(1206, 'L105688', 'HARLIUS', '036908'),
(1207, 'L105567', 'SIRIUS NM', '036909'),
(1208, 'L105568', 'SARWO AJIE', '036910'),
(1209, 'L105369', 'SUGENG RIYANTO', '036911'),
(1210, 'L105613', 'REMBUN', '036912'),
(1211, 'W003907', 'WAHYU IRAWAN', '036913'),
(1212, 'L108684', 'SAIDIN', '037001'),
(1213, 'L107625', 'YAKUB BASIR', '037002'),
(1214, 'L108489', 'SWALUDDIN PUTRA JAYA', '037003'),
(1215, 'L107216', 'MUSENDI', '037004'),
(1216, 'L107578', 'ARPAN', '037005'),
(1217, 'L107266', 'PARYONO', '037006'),
(1218, 'W003810', 'SULIYONO', '037007'),
(1219, 'L110365', 'MATJEN', '037008'),
(1220, 'L103496', 'ANDI KUSNADI', '037009'),
(1221, 'L107267', 'M. NURZAMAN', '037010'),
(1222, 'W003913', 'MUHAMAD FAUZIN', '037011'),
(1223, 'L104853', 'TONI BUDIYANTO', '037012'),
(1224, 'W003914', 'NGADINO', '037013'),
(1225, 'L107481', 'JUNAIDI', '037101'),
(1226, 'L109969', 'SYARIFUDIN', '037102');
INSERT INTO `petambak` (`id`, `register`, `nama`, `alamat`) VALUES
(1227, 'L107439', 'SUKIRMAN', '037103'),
(1228, 'W003811', 'NAZORI', '037104'),
(1229, 'L108185', 'NGADIMAN', '037105'),
(1230, 'L108657', 'UMGANI', '037106'),
(1231, 'L107430', 'NARNA', '037107'),
(1232, 'L107434', 'SLAMET RIYADI', '037108'),
(1233, 'L107397', 'BUDI UTOMO', '037109'),
(1234, 'L107532', 'WALUYO WIJAYA', '037110'),
(1235, 'W003922', 'DARUL KOTNI', '037111'),
(1236, 'L107379', 'SUTARJO', '037112'),
(1237, 'W003915', 'FAJARUDIN', '037113'),
(1238, 'L104398', 'MUHLIS HARI', '037201'),
(1239, 'L110357', 'SUKI YANTO', '037202'),
(1240, 'L103454', 'WAHYONO', '037203'),
(1241, 'L103375', 'MUJONO', '037204'),
(1242, 'W004192', 'DWI SUTANTO', '037205'),
(1243, 'L104931', 'WAGIANTO', '037206'),
(1244, 'L105840', 'SYANIMAN', '037207'),
(1245, 'W004314', 'JAINUDIN', '037208'),
(1246, 'W003787', 'SURYANTO', '037209'),
(1247, 'L106484', 'HERY PURNOMO', '037210'),
(1248, 'W003899', 'BUDIMAN', '037211'),
(1249, 'L103711', 'RATIM', '037212'),
(1250, 'W003710', 'SOLIHIN', '037213'),
(1251, 'L100773', 'SUGIYONO', '037301'),
(1252, 'L106594', 'EXNATIUS WARJONO', '037302'),
(1253, 'L107742', 'RUDY ANWAR', '037303'),
(1254, 'L106422', 'RISWANTORO', '037304'),
(1255, 'L108271', 'RAKIS', '037305'),
(1256, 'W004085', 'KATAM SUPRAPTO', '037306'),
(1257, 'L106406', 'ROZALI YUSUF', '037307'),
(1258, 'L106417', 'ANTONIUS SUNGKOWO', '037308'),
(1259, 'L107938', 'TURISMAN', '037309'),
(1260, 'W004035', 'APRIYADI', '037310'),
(1261, 'W004050', 'PAMUJI', '037311'),
(1262, 'W003788', 'NIKMAT', '037312'),
(1263, 'L105527', 'JUWANTO', '037313'),
(1264, 'L107369', 'SUKAMDI', '037401'),
(1265, 'W004182', 'MUHAMMAD KHOIRI', '037402'),
(1266, 'L110908', 'ROZALI', '037403'),
(1267, 'W004315', 'ANANG WIJAYANTO', '037404'),
(1268, 'L108680', 'IDIK', '037405'),
(1269, 'L108279', 'SAIFUL BASRI', '037406'),
(1270, 'L108120', 'HEPNI', '037407'),
(1271, 'L108499', 'MURSALIN', '037408'),
(1272, 'L108553', 'SUGI DWIYANTO', '037409'),
(1273, 'L108276', 'HARMADI', '037410'),
(1274, 'W003872', 'ANTONIUS JUNI ELVIANTO', '037411'),
(1275, 'L108618', 'SURYONO', '037412'),
(1276, 'L100015', 'UNTUNG SUPARNO', '037413'),
(1277, 'W004302', 'APEP MUSLIM', '037501'),
(1278, 'L108180', 'MUJIONO', '037502'),
(1279, 'L108288', 'AMRAN', '037503'),
(1280, 'L108228', 'ISLAMUDIN', '037504'),
(1281, 'W003967', 'ISKANDAR', '037505'),
(1282, 'W004041', 'HARTEN ALEXS', '037506'),
(1283, 'W004036', 'GERBI GIVARI', '037507'),
(1284, 'L108297', 'SUPARMAN', '037508'),
(1285, 'L108278', 'AMIYUDIN', '037509'),
(1286, 'W004037', 'RIZALMI', '037510'),
(1287, 'L108293', 'IWAN KUSTIAWAN', '037511'),
(1288, 'L101425', 'PARJIMAN', '037512'),
(1289, 'L107235', 'SUPARTONO', '037513'),
(1290, 'W003836', 'BUDIONO KR', '037601'),
(1291, 'L106105', 'YULIZAR', '037602'),
(1292, 'L105027', 'MUHAMAD JURI', '037603'),
(1293, 'W004349', 'NAZORI', '037604'),
(1294, 'L103872', 'SUGENG', '037605'),
(1295, 'W004249', 'SULAIMAN', '037606'),
(1296, 'W003761', 'GUNAWAN EFENDI', '037607'),
(1297, 'W004404', 'MUHAMMAD ERWIN', '037608'),
(1298, 'L108666', 'EKO SUSANTO', '037609'),
(1299, 'L111325', 'HAFIZAL KIROM', '037610'),
(1300, 'L103701', 'PARYANTO', '037611'),
(1301, 'L104335', 'HERI KISWANTO', '037612'),
(1302, 'L104400', 'MAHISON', '037613'),
(1303, 'W003821', 'A. SUGENG WIDODO', '037701'),
(1304, 'L107450', 'KODRAT', '037702'),
(1305, 'L104087', 'DARWOYO', '037703'),
(1306, 'W004204', 'EKO SUGIANTO', '037704'),
(1307, 'L108316', 'HUSNAINI / MULYANI', '037705'),
(1308, 'L111538', 'RIZANI SOBRI', '037706'),
(1309, 'W003826', 'AGUS SUWARDIYANTO', '037707'),
(1310, 'L109497', 'SAHRIAL', '037708'),
(1311, 'L104661', 'ABDUL MALIK', '037709'),
(1312, 'L106865', 'EVI WAHYUDI', '037710'),
(1313, 'W004278', 'AHMAD APENDI', '037711'),
(1314, 'L105662', 'TAUFIK NURROHMAN', '037712'),
(1315, 'W004250', 'SIR ROMATIKA', '037713'),
(1316, 'L107335', 'DARNO', '037801'),
(1317, 'L107246', 'HASANUDIN ANWAR', '037802'),
(1318, 'W003763', 'SUPRI YANTO W', '037803'),
(1319, 'L107131', 'MULYADI', '037804'),
(1320, 'L107645', 'ARKAN JUSIL', '037805'),
(1321, 'L107382', 'SYAMSIR ALAM', '037806'),
(1322, 'L108589', 'HERMAN', '037807'),
(1323, 'L104780', 'DAHLAN ISNAIN', '037808'),
(1324, 'L111349', 'SAINAN', '037809'),
(1325, 'L107191', 'M. ALIYASIR S', '037810'),
(1326, 'L107192', 'AMIN SUJITO', '037811'),
(1327, 'L108477', 'ZAINAL EFENDI TAJIR', '037812'),
(1328, 'W003966', 'SUKANDI', '037813'),
(1329, 'L108423', 'HASANUDDIN', '037901'),
(1330, 'L107255', 'RAHMAN', '037902'),
(1331, 'L108464', 'DINSI UKAR', '037903'),
(1332, 'W003935', 'HALIM', '037904'),
(1333, 'L107398', 'DENCIK', '037905'),
(1334, 'L108520', 'UMAR SAID', '037906'),
(1335, 'L107420', 'MUSLI', '037907'),
(1336, 'L107336', 'SUAIDI. DRS', '037908'),
(1337, 'L108122', 'SARJUNI', '037909'),
(1338, 'L107426', 'RIYADI', '037910'),
(1339, 'L108124', 'JULIUS B', '037911'),
(1340, 'W004279', 'RODIAN RACSADIVA', '037912'),
(1341, 'W004072', 'YAS BUDAYA', '037913'),
(1342, 'L104218', 'ARISTON NAINGGOLAN', '038001'),
(1343, 'W004316', 'ZURRY ALWANI', '038002'),
(1344, 'L106414', 'M. SYAHROMI', '038003'),
(1345, 'L108367', 'ENDANG SUMITRA', '038004'),
(1346, 'W004234', 'SANGKUT', '038005'),
(1347, 'L102619', 'NASIP ANTO', '038006'),
(1348, 'L100736', 'M. RUSLI. AR', '038007'),
(1349, 'L103243', 'GUMONO', '038008'),
(1350, 'L109287', 'TOTO HERMANTO', '038009'),
(1351, 'L103717', 'KASAM HENDRA', '038010'),
(1352, 'W003962', 'MUHAMAT NURDIN', '038011'),
(1353, 'W004304', 'AGUNG PERDANA', '038012'),
(1354, 'L107966', 'HARIONO', '038013'),
(1355, 'L108111', 'SUYANTO', '038101'),
(1356, 'L103246', 'IMAM SYAFEI', '038102'),
(1357, 'L103942', 'SUYATNO', '038103'),
(1358, 'L103962', 'TUKIRAN', '038104'),
(1359, 'W004251', 'SUYOTO', '038105'),
(1360, 'L103262', 'SUTRISNO', '038106'),
(1361, 'L110880', 'RIPNO SUSANTO', '038107'),
(1362, 'L104813', 'M. SUKEMI', '038108'),
(1363, 'L108441', 'RETNO / AMINIDI', '038109'),
(1364, 'L110428', 'SUDIRUN', '038110'),
(1365, 'L104024', 'SUDARGI', '038111'),
(1366, 'W003964', 'VISKO OKTAFIAN', '038112'),
(1367, 'L104213', 'JUNAIDI', '038113'),
(1368, 'L108573', 'JARSIM', '038201'),
(1369, 'L111162', 'AGUSTAN HARIS', '038202'),
(1370, 'W004337', 'OLFID ANDRI BUDIARTO', '038203'),
(1371, 'L106261', 'AHMAD BASAHIL', '038204'),
(1372, 'L106115', 'SOERANTO', '038205'),
(1373, 'W004042', 'DONI ADRIANSYAH', '038206'),
(1374, 'L104838', 'IMAM BUCHORI', '038207'),
(1375, 'L104847', 'DARYANTO', '038208'),
(1376, 'W004235', 'ALI MASRUKIN', '038209'),
(1377, 'L107553', 'HERU BINTARTO', '038210'),
(1378, 'L107651', 'LUKMAN EFFENDI', '038211'),
(1379, 'W004416', 'DONY ALFYAN SENA', '038212'),
(1380, 'L110440', 'ZAHRI', '038213'),
(1381, 'L107734', 'HAMSAH HSB', '038301'),
(1382, 'L107466', 'DWI ATMO SRIYADI', '038302'),
(1383, 'L108530', 'M. RONI', '038303'),
(1384, 'L107164', 'GUTA KENCANA', '038304'),
(1385, 'L107572', 'HERMAWAN', '038305'),
(1386, 'L108424', 'TRI HADI RITANTO', '038306'),
(1387, 'L111340', 'PURMAN', '038307'),
(1388, 'W003977', 'MUHAMAD BADRUDIN', '038308'),
(1389, 'W004357', 'SOBIRIN', '038309'),
(1390, 'L111473', 'TASURYA', '038310'),
(1391, 'L108583', 'MUHAMMAD TOHIR', '038311'),
(1392, 'L104887', 'M. THOLIB', '038312'),
(1393, 'W004317', 'DENI SUMARDI', '038313'),
(1394, 'L108131', 'SUSILA INDRA', '038401'),
(1395, 'L109939', 'ISMAIL HUSIN', '038402'),
(1396, 'L108134', 'RIADI', '038403'),
(1397, 'W004417', 'WIWIT ASTOMO', '038404'),
(1398, 'L100460', 'ROSI AKHMAD', '038405'),
(1399, 'L108141', 'KOHIRUL ANWAR', '038406'),
(1400, 'L108139', 'RIFAI ZAINUDIN', '038407'),
(1401, 'L108143', 'WAGIMAN', '038408'),
(1402, 'L108145', 'BUDI PIRYADI', '038409'),
(1403, 'L107403', 'FAUZAN BIN TARMIZI', '038410'),
(1404, 'W004097', 'DEDI ISMANTO', '038411'),
(1405, 'W003472', 'YULIANTO BIN M. YUSUP', '038412'),
(1406, 'W004252', 'KHOIRUL ANAM', '038413'),
(1407, 'L108155', 'SUYANTO', '038501'),
(1408, 'L107546', 'REFLI', '038502'),
(1409, 'W003774', 'MARSUDI BIN SUMARTO', '038503'),
(1410, 'L108172', 'ZARYANI', '038504'),
(1411, 'L104998', 'LUSKI INFAHMI', '038505'),
(1412, 'L108181', 'SUHARNO', '038506'),
(1413, 'L108177', 'SUYONO', '038507'),
(1414, 'L108197', 'KHAYADI', '038508'),
(1415, 'L103224', 'MISNAN', '038509'),
(1416, 'L105085', 'SUJADI', '038510'),
(1417, 'L111640', 'UNTORO', '038511'),
(1418, 'L108196', 'JUMIDI', '038512'),
(1419, 'W004043', 'DAVID RUDIANTORO', '038513'),
(1420, 'L108198', 'KUSIGIT HARYANTO', '038601'),
(1421, 'W003764', 'SUPRIYADI', '038602'),
(1422, 'L108205', 'YUNIAR', '038603'),
(1423, 'L108173', 'M. AMIN SYANI', '038604'),
(1424, 'L108213', 'SOFIAN SYAH', '038605'),
(1425, 'L108218', 'SOFYANI', '038606'),
(1426, 'L108169', 'BASTIAN', '038609'),
(1427, 'L108239', 'HABIZAR', '038610'),
(1428, 'W003765', 'ROHMAT', '038611'),
(1429, 'W004098', 'LASIDI', '038612'),
(1430, 'L108602', 'SLAMET', '038613'),
(1431, 'L108310', 'LAHMUDIN', '038614'),
(1432, 'L107269', 'MARBAN', '038701'),
(1433, 'L107293', 'SUYOKO', '038702'),
(1434, 'L107211', 'ISMAIDI', '038703'),
(1435, 'L107132', 'EDI SUGIONO', '038704'),
(1436, 'L107137', 'ROHMANI', '038705'),
(1437, 'L107138', 'SUDONO', '038706'),
(1438, 'L107142', 'PAIMAN', '038707'),
(1439, 'L107143', 'AMIR SAPRI', '038708'),
(1440, 'L107145', 'DARYONO', '038709'),
(1441, 'L107148', 'NURHADI BIN MAKSUM', '038710'),
(1442, 'L107190', 'MIRZA SUKIRAN', '038711'),
(1443, 'L107199', 'WAHYUDIN', '038712'),
(1444, 'L107206', 'APRIHAN', '038713'),
(1445, 'L107220', 'NGADINO', '038714'),
(1446, 'L107228', 'SARKONI', '038715'),
(1447, 'W003965', 'BAMBANG AS', '038716'),
(1448, 'W200034', 'ARI SUNANDAR', '038717'),
(1449, 'W200035', 'ROBIETHUL AMRY', '038718'),
(1450, 'L111499', 'SURYANTO', '038801'),
(1451, 'L108540', 'NOFRIAL', '038802'),
(1452, 'L108594', 'SUTRISNO', '038803'),
(1453, 'L110240', 'SIDIK RAHARJO', '038804'),
(1454, 'L108442', 'JOKO SANTOSO', '038805'),
(1455, 'L108545', 'HAMBALI RASYID', '038806'),
(1456, 'L108457', 'SUPRIYONO BIN MARDI', '038807'),
(1457, 'W004157', 'YAKUB SIHAB AFANDI', '038808'),
(1458, 'L108485', 'EDI HUSIANTO', '038809'),
(1459, 'W004280', 'ALAM BAHRERA', '038810'),
(1460, 'L108493', 'PURWANTO', '038811'),
(1461, 'L108504', 'SUPARDIN', '038812'),
(1462, 'L111637', 'IBRAHIM', '038813'),
(1463, 'L108516', 'HASANUDIN', '038814'),
(1464, 'L108547', 'WIYONO', '038815'),
(1465, 'L107637', 'HAYRIL ANWAR', '038816'),
(1466, 'W004253', 'NOPRATAMA CRESNA WIBAWA', '038817'),
(1467, 'W200036', 'SUTIKNO', '038818'),
(1468, 'L111305', 'TARMIZI', '038901'),
(1469, 'L106416', 'MADIYO', '038902'),
(1470, 'W004044', 'M. AHYANI', '038903'),
(1471, 'L100647', 'JUNAIDI', '038904'),
(1472, 'L106555', 'SUYONO', '038905'),
(1473, 'L106566', 'RIYOSO', '038906'),
(1474, 'L106574', 'TUMINO', '038907'),
(1475, 'L101869', 'HASBI', '038908'),
(1476, 'L111316', 'ARI ANGGA W', '038909'),
(1477, 'L107072', 'JONO', '038910'),
(1478, 'W004363', 'BUDIYANTO', '038911'),
(1479, 'L100006', 'SUPENO', '038912'),
(1480, 'L100226', 'SUGIARTO', '038913'),
(1481, 'L106830', 'DEDI KARSONO', '038914'),
(1482, 'L103023', 'KUSNADI', '038915'),
(1483, 'W004350', 'HERI YANSYAH', '038916'),
(1484, 'W003473', 'FAJRI BIN MULKAN', '039001'),
(1485, 'W003474', 'ISTRI WIBOWO', '039002'),
(1486, 'W003475', 'SUMIDI BIN SODRI', '039003'),
(1487, 'W003476', 'UNTUNG ALI MUSTAKIM', '039004'),
(1488, 'W003477', 'ISMAIL BIN WANTO SUCIPTO', '039005'),
(1489, 'W003478', 'ABAS WIDAN BIN ABU BAKAR', '039006'),
(1490, 'W003479', 'SULISTIONO', '039007'),
(1491, 'W004254', 'YULIANTO', '039008'),
(1492, 'W003481', 'ALAMUDI', '039009'),
(1493, 'W003482', 'SUTISNA', '039010'),
(1494, 'W003483', 'DIDIK ROKHANI', '039011'),
(1495, 'W003484', 'ZUMROWI', '039012'),
(1496, 'W003485', 'SURAHMAN BIN BUDI P.', '039013'),
(1497, 'W003486', 'TRI JOKO IRIANTO', '039014'),
(1498, 'W003487', 'SAFII', '039015'),
(1499, 'W003488', 'GUNTORO BIN MUDJITO', '039016'),
(1500, 'W003489', 'HALIAN BIN HANAFI', '039017'),
(1501, 'W003926', 'SULISNO', '039101'),
(1502, 'L107533', 'KARIM SOFUAN', '039102'),
(1503, 'L108324', 'ABD. CHALIK', '039103'),
(1504, 'L108614', 'SALMAN AL GHORIZI', '039104'),
(1505, 'L106591', 'AZIS NUR EFENDI', '039105'),
(1506, 'L107586', 'SYAFRI AS', '039106'),
(1507, 'L107613', 'JONI EFFENDI', '039107'),
(1508, 'L107592', 'AKHMADI', '039108'),
(1509, 'W004325', 'YUNIZAR', '039109'),
(1510, 'W004383', 'DELY OKTABELA', '039110'),
(1511, 'L107227', 'HIPNI', '039111'),
(1512, 'L107530', 'MIZWAN HADI', '039112'),
(1513, 'L110634', 'SAROJI', '039113'),
(1514, 'W004219', 'AHMAD MARZUKI', '039114'),
(1515, 'L104255', 'SUPRIYONO', '039115'),
(1516, 'W003711', 'JOKO SUTRISNO', '039116'),
(1517, 'W004331', 'YUDI TRI WIDIYANTORO', '039117'),
(1518, 'W004332', 'YUN ADRIYANTO', '039118'),
(1519, 'W004193', 'BAYU SANDIKA', '039201'),
(1520, 'W004099', 'NGATNO', '039202'),
(1521, 'L100745', 'RUSLAN', '039203'),
(1522, 'L107747', 'JUMAR ANTONO', '039204'),
(1523, 'W004306', 'HELDIANSYAH', '039205'),
(1524, 'L103690', 'AGUS MULYANTO', '039206'),
(1525, 'L107745', 'KETUT DARYANTO', '039207'),
(1526, 'L107479', 'ARYO SUGIMAN', '039208'),
(1527, 'L107485', 'ZAIDAN HENDI', '039209'),
(1528, 'L107272', 'JOKO .S', '039210'),
(1529, 'L107441', 'SULEMI', '039211'),
(1530, 'L107399', 'JAMRON HADI', '039212'),
(1531, 'L107400', 'EKO PURWANTO', '039213'),
(1532, 'L107394', 'ADIYAT SUDRAJAT', '039214'),
(1533, 'L107390', 'ZAINAL', '039215'),
(1534, 'W004255', 'FERDI EFENDI', '039216'),
(1535, 'W003931', 'RELI BIN SAINUDIN', '039217'),
(1536, 'W004333', 'NOVI ADI', '039218'),
(1537, 'W003188', 'AGUS SUGIANTO', '039301'),
(1538, 'W003367', 'ZULKARNAIN', '039302'),
(1539, 'W003190', 'JUNIARSYAH', '039303'),
(1540, 'W003357', 'KASIONO', '039304'),
(1541, 'W003192', 'MULYADI', '039305'),
(1542, 'W003395', 'DEDY APRIADI', '039306'),
(1543, 'W003515', 'AIDI ROZI', '039307'),
(1544, 'W003195', 'MARYANTO', '039308'),
(1545, 'W004256', 'AGUS MUHIBIN', '039309'),
(1546, 'W003197', 'EDDI TRIANTO BIN SUPARDI', '039310'),
(1547, 'W003490', 'TUKIMAN', '039311'),
(1548, 'W003408', 'KARMINO', '039312'),
(1549, 'W003199', 'SANGKUT ABADI', '039313'),
(1550, 'W003394', 'SARIPUDIN', '039314'),
(1551, 'W003201', 'SARKUN', '039315'),
(1552, 'W003403', 'SYAHBUDIN BIN RATU B.', '039316'),
(1553, 'W004334', 'WAHYONO', '039317'),
(1554, 'W004335', 'EKO HARYANTO', '039318'),
(1555, 'W003203', 'SARKOWI', '039401'),
(1556, 'W004399', 'WAHID FIRDAUS', '039402'),
(1557, 'W004170', 'ARIEF ZULYANTO', '039403'),
(1558, 'W003206', 'TRI PURNOTO', '039404'),
(1559, 'W003207', 'TRIYANTO', '039405'),
(1560, 'W003420', 'RIZWAN NASIR', '039406'),
(1561, 'W003359', 'SUTIKNO', '039407'),
(1562, 'W003376', 'AGUS ANTON PRASETYO', '039408'),
(1563, 'W003211', 'UNTUNG SUPRIYANTO', '039409'),
(1564, 'W003491', 'ATFAL BIN AMRORI', '039410'),
(1565, 'W003212', 'WARDI BIN TAMAT', '039411'),
(1566, 'W003492', 'YUSWANTORO BIN UMIRAN', '039412'),
(1567, 'W003213', 'ARIYANTO', '039413'),
(1568, 'W003493', 'SUYITNO BIN SUNARYO', '039414'),
(1569, 'W003214', 'AZWAR HAMNI', '039415'),
(1570, 'W003494', 'HAIRUL', '039416'),
(1571, 'W003215', 'HAMZAH', '039417'),
(1572, 'W004336', 'ARI SUSANTO', '039418'),
(1573, 'W003712', 'NURMUSNADI MUNIR', '039501'),
(1574, 'L106192', 'PURWANTO', '039502'),
(1575, 'L106193', 'M. YANI', '039503'),
(1576, 'L106198', 'SLAMET RUDARMONO', '039504'),
(1577, 'L107950', 'RAHMAT', '039505'),
(1578, 'L106219', 'MATZEN', '039506'),
(1579, 'W003733', 'SUGIMIN', '039507'),
(1580, 'W003734', 'RAHMAT MUJIANTO', '039508'),
(1581, 'W003735', 'YONI HERMANSYAH', '039509'),
(1582, 'L106238', 'MUHAMMAD RUDI', '039510'),
(1583, 'W004351', 'YUDDIANTHO', '039511'),
(1584, 'W003736', 'ZAINURI', '039512'),
(1585, 'W003789', 'ANTONIUS DARMUJI', '039513'),
(1586, 'W004158', 'ALI MURDANI', '039514'),
(1587, 'W003738', 'AL IHWAN', '039515'),
(1588, 'W004281', 'NIRWAN OKTORI', '039516'),
(1589, 'L111290', 'BASNAL HAKIM', '039517'),
(1590, 'L106048', 'ENDI TRIYANTO', '039518'),
(1591, 'W003838', 'RICHARDUS TAMA', '039601'),
(1592, 'L106106', 'RIZA D', '039602'),
(1593, 'L110408', 'SUPRIYANTO BIN WARI', '039603'),
(1594, 'L106136', 'SARIPUDIN', '039604'),
(1595, 'L106833', 'SAMUT', '039605'),
(1596, 'L103030', 'TAUPIQ', '039606'),
(1597, 'L105763', 'MARFA\'I', '039607'),
(1598, 'L105914', 'SUTARMAN', '039608'),
(1599, 'W003839', 'KARYATIM', '039609'),
(1600, 'L106956', 'NIZAMUDDIN', '039610'),
(1601, 'W004086', 'ZAIPULLOH', '039611'),
(1602, 'L106900', 'ZAYADI', '039612'),
(1603, 'L103167', 'KHOLID JAWAS', '039613'),
(1604, 'W004118', 'TITIAN BUDIARTO', '039614'),
(1605, 'W003841', 'WAHID', '039615'),
(1606, 'L106341', 'DANDING ASRI', '039616'),
(1607, 'L106344', 'MARSON', '039617'),
(1608, 'L106102', 'SUTRISNO', '039618'),
(1609, 'W003932', 'JONARYONO', '039701'),
(1610, 'W003822', 'RUSTAM EFENDI', '039702'),
(1611, 'W003918', 'ISWAR RUHYADI', '039703'),
(1612, 'W003919', 'SUTARNO', '039704'),
(1613, 'W003920', 'IHWANUL KHABIB', '039705'),
(1614, 'W003504', 'OYONG AFRIZALDI', '039706'),
(1615, 'W004225', 'SUPRIYANTO', '039707'),
(1616, 'W004326', 'SUHERMANTO', '039708'),
(1617, 'W003510', 'EDISON', '039709'),
(1618, 'L104871', 'TAMLIHAN', '039710'),
(1619, 'W003509', 'MIKHELSON', '039711'),
(1620, 'L100441', 'YUSPENDI', '039712'),
(1621, 'W003495', 'SUDARYANTO', '039713'),
(1622, 'W004236', 'SUGIYANTO', '039714'),
(1623, 'L100310', 'KISMIYANTO', '039715'),
(1624, 'W003823', 'NUR ANWAR BIN SUKAMSI', '039716'),
(1625, 'L110378', 'IBNU SABIL', '039717'),
(1626, 'W003840', 'IMAM SYAHRONI', '039718'),
(1627, 'W003512', 'MISJA SUJAI', '039801'),
(1628, 'W003790', 'SUJARWO', '039802'),
(1629, 'L110517', 'TAUFIQUROHMAN', '039803'),
(1630, 'W003526', 'ZULKIFLI', '039804'),
(1631, 'W003352', 'SLAMET WIDODO', '039805'),
(1632, 'W003469', 'BAHRUMSYAH', '039806'),
(1633, 'W003524', 'BAMBANG SETIAWAN', '039807'),
(1634, 'W003523', 'SUPRI BIN ASMAWI', '039808'),
(1635, 'W003499', 'FAHRUL KAMAL', '039809'),
(1636, 'W003520', 'PETRUS SARMONO', '039810'),
(1637, 'W003426', 'DUMYATI', '039811'),
(1638, 'W003496', 'WARSIDI', '039812'),
(1639, 'W003501', 'SOLEMAN', '039813'),
(1640, 'W003507', 'SARBINI', '039814'),
(1641, 'W003511', 'MAHMUD', '039815'),
(1642, 'W003518', 'TURNO JUNAIDI', '039816'),
(1643, 'W003578', 'IRWANDA', '039817'),
(1644, 'W003579', 'DEPANAN', '039818'),
(1645, 'W000947', 'USMAN BIN KGS', '040101'),
(1646, 'W000960', 'SAKIDUN BIN SA\'RONI', '040102'),
(1647, 'W004010', 'SAIUN', '040103'),
(1648, 'W000950', 'KAILANI BIN H. AHMAD', '040104'),
(1649, 'W003217', 'KUWAT', '040106'),
(1650, 'W003218', 'SUPARJI', '040107'),
(1651, 'W003219', 'MUHAMAD IRHAM', '040108'),
(1652, 'W003991', 'MASHURI', '040109'),
(1653, 'W000958', 'ARJONI', '040112'),
(1654, 'W003221', 'RIBUT BUDI SANTOSO', '040113'),
(1655, 'W000963', 'SUBKI BIN WAHAB', '040201'),
(1656, 'W003222', 'RIDWAN', '040202'),
(1657, 'W000965', 'GUNADI', '040203'),
(1658, 'W003223', 'WIDODO', '040204'),
(1659, 'W004159', 'HERYANTO', '040205'),
(1660, 'W200031', 'NAZI', '040206'),
(1661, 'W003003', 'HOLIDI', '040207'),
(1662, 'W200021', 'HABIBI JUNAIDI', '040208'),
(1663, 'W003522', 'KENNEDI BIN IDRUS', '040209'),
(1664, 'W003225', 'HATTA', '040210'),
(1665, 'W003226', 'PARJONO BIN SAHRONI', '040211'),
(1666, 'W000974', 'ALHARIS MS', '040212'),
(1667, 'W003227', 'SOLIHIN', '040213'),
(1668, 'L111432', 'SAEPULLOH', '040301'),
(1669, 'W003852', 'MARUHUM', '040302'),
(1670, 'W003228', 'ANTONO', '040303'),
(1671, 'W000982', 'M. YAMIN YUSUF', '040304'),
(1672, 'W003878', 'PERIYADI', '040305'),
(1673, 'W003229', 'SUHAILI', '040306'),
(1674, 'L104810', 'SUMARI', '040307'),
(1675, 'W004011', 'DANIEL ALAM BARA', '040308'),
(1676, 'W000987', 'MUJAHIDI BIN SARE\'I', '040309'),
(1677, 'W000992', 'DAMAN', '040310'),
(1678, 'W003230', 'HERIYANTO', '040311'),
(1679, 'W003943', 'WAJI WALUYO', '040312'),
(1680, 'W000991', 'AGUS MARYADI', '040313'),
(1681, 'W002922', 'SUTOYO', '040401'),
(1682, 'W003231', 'MISRAN BIN SUMARJI', '040402'),
(1683, 'W200045', 'RIDWAN', '040403'),
(1684, 'W000998', 'ASKA PUTRA', '040404'),
(1685, 'W001009', 'TEGUH SUSANTO', '040405'),
(1686, 'W001000', 'EDI KARNATA BIN M. ONI', '040406'),
(1687, 'W003233', 'MUSTAR', '040407'),
(1688, 'W004257', 'DEVI HARIANSYAH', '040408'),
(1689, 'W001003', 'FIRMANSYAH BIN SAIHOLA', '040409'),
(1690, 'W002923', 'JUNAIDI', '040410'),
(1691, 'W001005', 'TRI BIYANTO', '040411'),
(1692, 'W001006', 'SOLIHIN', '040412'),
(1693, 'W001007', 'HARISON EFFENDI', '040413'),
(1694, 'W001011', 'AHMAD DARWIS', '040501'),
(1695, 'W001012', 'ROMLAN GANI', '040502'),
(1696, 'W001013', 'EDWARD BIN ROMLI', '040503'),
(1697, 'W003234', 'SAKTI DIAMAN', '040504'),
(1698, 'W001015', 'SANDERA', '040505'),
(1699, 'W001016', 'AMIRUDDIN', '040506'),
(1700, 'W003235', 'SOPANDI', '040507'),
(1701, 'W004327', 'FIRMANSYAH', '040508'),
(1702, 'W001019', 'PAISOL BIN NAWAWI', '040509'),
(1703, 'W001020', 'DARMADI ALIMI', '040510'),
(1704, 'W001021', 'M. HUSNI TAMRIN', '040511'),
(1705, 'W003236', 'WIJIYANTO', '040512'),
(1706, 'W002489', 'IRWAN EFFENDI', '040513'),
(1707, 'W001040', 'SUHARTO MZ', '040601'),
(1708, 'W004184', 'ANDI WIRJAYANSYAH', '040602'),
(1709, 'W001029', 'ABDUL ROZAK', '040603'),
(1710, 'W003716', 'SUHARTO', '040604'),
(1711, 'W001031', 'AGUSTONO', '040605'),
(1712, 'W001032', 'MIRWAN', '040606'),
(1713, 'W003237', 'RIVAI', '040607'),
(1714, 'W001041', 'JU\'AT B. YEMBE', '040608'),
(1715, 'W001042', 'WASIL BIN SARIBANGUN', '040609'),
(1716, 'W001036', 'RATMAN KANEJA BIN B.', '040610'),
(1717, 'W004282', 'MARTIN', '040611'),
(1718, 'W001038', 'SUGENG', '040612'),
(1719, 'W003531', 'USKAR ISKANDAR', '040613'),
(1720, 'W003238', 'RAHMAD NARULHAM', '040701'),
(1721, 'W004051', 'AHMAD PINUR', '040702'),
(1722, 'W001045', 'NGATIRAN', '040703'),
(1723, 'W004012', 'LISNO ASWAN', '040704'),
(1724, 'W001047', 'SUANDI BIN SANUSI', '040705'),
(1725, 'W003239', 'WARZONI', '040706'),
(1726, 'W001058', 'SUTRISNO', '040707'),
(1727, 'W004237', 'SISWANTO', '040708'),
(1728, 'W001051', 'ARIANTO M. SOLAR', '040709'),
(1729, 'W003241', 'SUTARI', '040710'),
(1730, 'W001056', 'DARWIN EFENDI B JAELANI', '040711'),
(1731, 'W003242', 'ZAELANI BIN NGADIMAN', '040712'),
(1732, 'W003243', 'SURONO', '040713'),
(1733, 'W003244', 'WAWAN SUHENDRI', '040801'),
(1734, 'W001060', 'YAKUP HASANUDIN', '040802'),
(1735, 'W003532', 'HARIS ANDIKA', '040803'),
(1736, 'W001062', 'PENDI', '040804'),
(1737, 'W001074', 'SUTAR', '040805'),
(1738, 'W001064', 'TURMUDZI', '040806'),
(1739, 'W003533', 'DARLIANSAH', '040807'),
(1740, 'W001066', 'SARKOWI', '040808'),
(1741, 'W002478', 'MUHAMAD NUR MUVID', '040809'),
(1742, 'W003534', 'SURNADI', '040810'),
(1743, 'W001069', 'EDY CHANDRA BIN SENEN', '040811'),
(1744, 'W004283', 'HERI IRAWAN', '040812'),
(1745, 'W001071', 'TUKIMIN BIN TUKARMO', '040813'),
(1746, 'W001075', 'MUHAMMAD NUH RIZAL', '040901'),
(1747, 'W001076', 'AHAMAD FIKTRI', '040902'),
(1748, 'W004220', 'AMRULLAH', '040903'),
(1749, 'W004284', 'M. AKBAR JUKRI', '040904'),
(1750, 'W004433', 'MUNTIHAN', '040905'),
(1751, 'W001088', 'SUPRAPTO', '040906'),
(1752, 'W001081', 'DARWIN (A)', '040907'),
(1753, 'W003535', 'SUCIPTO BIN ABDUL KARIM', '040908'),
(1754, 'W001083', 'BAHORI BIN YAULAN', '040909'),
(1755, 'W003245', 'M. AKROM', '040910'),
(1756, 'W001085', 'SUPONO', '040911'),
(1757, 'W001086', 'YATO', '040912'),
(1758, 'W002441', 'LUKMAN BIN DAHLAN', '040913'),
(1759, 'W003800', 'FATHUR ROHMAN', '041001'),
(1760, 'W000002', 'UJANG EFFENDI', '041002'),
(1761, 'W003536', 'WAHYUDI BIN YUSUF WAGINO', '041003'),
(1762, 'W003537', 'ASNAWI', '041004'),
(1763, 'W003538', 'AMIR EFENDI BIN ZAINI', '041005'),
(1764, 'W000006', 'SOLEHAN', '041006'),
(1765, 'W000007', 'SUGIYO', '041007'),
(1766, 'W003539', 'SUPENDI BIN ADIDI', '041008'),
(1767, 'W003540', 'WAGIYO BIN SOPAWIRO', '041009'),
(1768, 'W000010', 'TRISGIYANTO', '041010'),
(1769, 'W000014', 'JATMIKO', '041011'),
(1770, 'W000012', 'PURWANTO', '041012'),
(1771, 'W002924', 'JUMINGAN', '041013'),
(1772, 'W000017', 'AGUS WAHYONO', '041101'),
(1773, 'W003541', 'BASYARONI', '041102'),
(1774, 'W000019', 'IMPRES', '041103'),
(1775, 'W003246', 'SUPRIYADI', '041104'),
(1776, 'W002925', 'SHOLIKIN', '041105'),
(1777, 'W000030', 'TURIMAN', '041106'),
(1778, 'W000023', 'SAPARI', '041107'),
(1779, 'W000024', 'SUBAGIYO', '041108'),
(1780, 'W003542', 'HEPI WARTO', '041109'),
(1781, 'W000026', 'TUMINO', '041110'),
(1782, 'W000027', 'AHMAD BASORI', '041111'),
(1783, 'W000028', 'AYADI ANANG SUPARDI', '041112'),
(1784, 'W000031', 'EMRI AZIZ', '041113'),
(1785, 'W000033', 'JONIZAR', '041201'),
(1786, 'W003543', 'MARKANI BIN HUZAIRIN', '041202'),
(1787, 'W000035', 'MAKMUR MONADI ALAMSYAH', '041203'),
(1788, 'W002926', 'UTOMO', '041204'),
(1789, 'W004013', 'M. SUPRIADI', '041205'),
(1790, 'W000038', 'SULAIMAN', '041206'),
(1791, 'W000039', 'SUWARDI', '041207'),
(1792, 'W000040', 'PAIMIN', '041208'),
(1793, 'W002927', 'DEKI INDRA', '041209'),
(1794, 'W000042', 'NGADIMIN', '041210'),
(1795, 'W000043', 'MUHAMAD JA\'I', '041211'),
(1796, 'W000044', 'SUTANTO', '041212'),
(1797, 'W000045', 'LUKMAN HAKIM B', '041213'),
(1798, 'W003544', 'JOYO SINAGA', '041301'),
(1799, 'L104829', 'ENDARJIONO', '041302'),
(1800, 'W003900', 'PERJAN', '041303'),
(1801, 'W002481', 'SAIFUL MAHMUD BIN YAKUB', '041304'),
(1802, 'W000053', 'MUHID', '041305'),
(1803, 'W002504', 'IBRAHIM BIN UWEN JUDENI', '041306'),
(1804, 'W000055', 'NUROKHIM', '041307'),
(1805, 'W003833', 'SUMARNO', '041308'),
(1806, 'W000057', 'RUSLI', '041309'),
(1807, 'W000058', 'SAMHURI', '041310'),
(1808, 'W003692', 'INDRA WIJAYA', '041311'),
(1809, 'W000060', 'MARNO', '041312'),
(1810, 'W000061', 'JON HERI', '041313'),
(1811, 'W003928', 'ANTONIUS SIHALOHO', '041401'),
(1812, 'L101288', 'YABANI', '041402'),
(1813, 'W004426', 'SYAFRI DARMAWAN', '041403'),
(1814, 'W000068', 'KOMARI', '041404'),
(1815, 'W000080', 'SAILENDRA', '041405'),
(1816, 'W003717', 'ALMUBAROK', '041406'),
(1817, 'L103489', 'ASMAR', '041407'),
(1818, 'L103436', 'NURYADI', '041408'),
(1819, 'W004405', 'MUCH ICHWAN', '041409'),
(1820, 'L104833', 'HERMANSYAH', '041410'),
(1821, 'W003990', 'FAKHRUDDIN', '041411'),
(1822, 'W000076', 'PRAYITNO', '041412'),
(1823, 'L103441', 'MUDO JULINARDI', '041413'),
(1824, 'W000081', 'DIDIN SAPARUDIN', '041501'),
(1825, 'L100775', 'BASTOMI', '041502'),
(1826, 'W003783', 'LUKMAN HAKIM', '041503'),
(1827, 'W000096', 'WAKIDI', '041504'),
(1828, 'W000085', 'RASIMAN', '041505'),
(1829, 'L103434', 'TOIMAN', '041506'),
(1830, 'W003981', 'ANDRI', '041507'),
(1831, 'W003545', 'UYUNG SARIPUDIN', '041508'),
(1832, 'W003837', 'PAIDI BIN SUMANTO', '041509'),
(1833, 'W003766', 'MISTRI HANDOKO', '041510'),
(1834, 'W002996', 'MARNU SUBANDI', '041511'),
(1835, 'W000095', 'SUKANDAR', '041512'),
(1836, 'L104215', 'SUPRIYONO', '041513'),
(1837, 'W003546', 'HARYONO BIN WARKO', '041601'),
(1838, 'W003724', 'AHMAD AWAL', '041602'),
(1839, 'L104839', 'ARNAIDUN BIN DULJABAR', '041603'),
(1840, 'L105715', 'RUDI', '041604'),
(1841, 'W000112', 'JUMIONO', '041605'),
(1842, 'L104216', 'SUGIYONO', '041606'),
(1843, 'W000103', 'SUGENG PRAYITNO', '041607'),
(1844, 'W000104', 'TULUS WALJIO', '041608'),
(1845, 'W004418', 'TOTOK TAUFIK HIDAYAT', '041609'),
(1846, 'W003933', 'KAROJI', '041610'),
(1847, 'L104319', 'ENDANG AR', '041611'),
(1848, 'W003775', 'MUAZAM', '041612'),
(1849, 'W003993', 'EDI YULI SETIAWAN', '041613'),
(1850, 'L103930', 'MUHARIYANTO', '041701'),
(1851, 'W000114', 'MARSIDI', '041702'),
(1852, 'W000115', 'ROJIKIN', '041703'),
(1853, 'W004342', 'SUTARTO', '041704'),
(1854, 'W000127', 'SUTIRMAN', '041705'),
(1855, 'W000128', 'TUJUDIN', '041706'),
(1856, 'W002928', 'NASRULLAH', '041707'),
(1857, 'W000143', 'RASMORO', '041708'),
(1858, 'W000121', 'PONIRAN', '041709'),
(1859, 'W000122', 'SUHARDI', '041710'),
(1860, 'W004175', 'YUSRA', '041711'),
(1861, 'W000124', 'SULAMONO', '041712'),
(1862, 'W000125', 'SUPRIYANTO', '041713'),
(1863, 'W000129', 'PONIDI BIN AKAT', '041801'),
(1864, 'W000130', 'SUKIMAN', '041802'),
(1865, 'W003862', 'HARYONO', '041803'),
(1866, 'W000132', 'MUJIHARTONO', '041804'),
(1867, 'W000133', 'SUTARNO', '041805'),
(1868, 'W000144', 'BASIRUDIN', '041806'),
(1869, 'W003653', 'SAIFUDIN', '041807'),
(1870, 'W004014', 'RUBIYANTO', '041808'),
(1871, 'W000142', 'MUHANTO', '041809'),
(1872, 'W004015', 'NIZA RUDDIN', '041810'),
(1873, 'W000139', 'SUSIYANTO', '041811'),
(1874, 'W004430', 'DAHARI', '041812'),
(1875, 'W003011', 'SURURI', '041813'),
(1876, 'W003247', 'DIDI RUSTANDY', '041901'),
(1877, 'W000146', 'SAZILI', '041902'),
(1878, 'W000147', 'AMRONI', '041903'),
(1879, 'W000148', 'SIHONO', '041904'),
(1880, 'W000160', 'GUSTI WINOTO', '041905'),
(1881, 'W000150', 'GUNARTO', '041906'),
(1882, 'W000159', 'LUKMAN HAKIM A', '041907'),
(1883, 'W000152', 'RUDIYANTO', '041908'),
(1884, 'W000153', 'ASHARI IRAMAHI', '041909'),
(1885, 'W000154', 'MUHAMMAD NUR', '041910'),
(1886, 'W000155', 'MARTINUS PURWANTO', '041911'),
(1887, 'W000156', 'ABU AMAR', '041912'),
(1888, 'W000157', 'JONI HUSIN', '041913'),
(1889, 'W004221', 'NAZAR MUSTAJAB', '042001'),
(1890, 'W000162', 'M. RIDWAN', '042002'),
(1891, 'W003654', 'MAHDI', '042003'),
(1892, 'W000164', 'MUNGKARDI', '042004'),
(1893, 'W003248', 'MUHAMMAD ARSYAD', '042005'),
(1894, 'W000166', 'ERWIN ROJALI', '042006'),
(1895, 'W000167', 'SUPARNO', '042007'),
(1896, 'W003818', 'RUSLAN', '042008'),
(1897, 'W003655', 'YULIANTO', '042009'),
(1898, 'W003944', 'BUDI HARTONO', '042010'),
(1899, 'W004052', 'RAHMAT SUNARDI', '042011'),
(1900, 'W003945', 'HONGKI ALEXSANDER', '042012'),
(1901, 'W000174', 'JONI', '042013'),
(1902, 'W002482', 'NASEHAN BIN SARIMIN', '042101'),
(1903, 'W003249', 'SUNARDI', '042102'),
(1904, 'W003250', 'CAHYADI CATUR', '042103'),
(1905, 'W000180', 'BASYARUDIN', '042104'),
(1906, 'L109306', 'PARIMIN', '042105'),
(1907, 'W002512', 'SAAD SUDARJAD', '042106'),
(1908, 'W000183', 'ZAINURI', '042107'),
(1909, 'W003903', 'HABIBURRAHMAN', '042108'),
(1910, 'W003251', 'DADANG SAPUTRA', '042109'),
(1911, 'W003252', 'MESWANTO', '042110'),
(1912, 'W003253', 'MUALIM', '042111'),
(1913, 'W003254', 'M. AS\'ARI', '042112'),
(1914, 'W003255', 'JAHRUDIN BIN IDIM', '042113'),
(1915, 'W003256', 'ERWANUDDIN', '042201'),
(1916, 'W003257', 'HOIRILLAH', '042202'),
(1917, 'W003946', 'A. ALI HASAN', '042203'),
(1918, 'W000196', 'ABU KHOLIB', '042204'),
(1919, 'W003259', 'BUDIYANTO', '042205'),
(1920, 'W000198', 'LUBIS EFENDI', '042206'),
(1921, 'W000207', 'PONIMIN', '042207'),
(1922, 'W003693', 'SARI WIDODO', '042208'),
(1923, 'W004160', 'MARIMAN', '042209'),
(1924, 'W003260', 'SUTARNO', '042210'),
(1925, 'W002894', 'RUDIYANTO', '042211'),
(1926, 'W002950', 'KESAN SWASTOKO', '042212'),
(1927, 'W003261', 'M. SOLEH ROKHMATULLOH', '042213'),
(1928, 'W003012', 'JUMONO', '042301'),
(1929, 'W001158', 'M. SUHAILI', '042302'),
(1930, 'W001159', 'ACHMAD FAUZIANTO', '042303'),
(1931, 'W004307', 'JAMILLUDDIN', '042304'),
(1932, 'W001171', 'SAROPI', '042305'),
(1933, 'W003656', 'SAIMIN', '042306'),
(1934, 'W001163', 'GUMIRAN', '042307'),
(1935, 'W001164', 'ARDI', '042308'),
(1936, 'W001165', 'M. TEGUH MULYONO', '042309'),
(1937, 'W001166', 'BASRI', '042310'),
(1938, 'W001167', 'AWALUDIN BIN SOLAR', '042311'),
(1939, 'W001168', 'JATRA MISDI', '042312'),
(1940, 'W001169', 'FENDI', '042313'),
(1941, 'W000209', 'ZUL IDHAM', '042401'),
(1942, 'W002951', 'ALVI ALEXANDER', '042402'),
(1943, 'W000211', 'ALPARIDO', '042403'),
(1944, 'W001172', 'ZUL PADLI', '042404'),
(1945, 'W000224', 'NAIM', '042405'),
(1946, 'W003699', 'PENDI SAPUTRA', '042406'),
(1947, 'W004406', 'IMAM SANTOSO', '042407'),
(1948, 'W000222', 'HUSEN', '042408'),
(1949, 'W000217', 'RAVI', '042409'),
(1950, 'W000218', 'EKO TUSANI', '042410'),
(1951, 'W000219', 'HERI SUSANTO', '042411'),
(1952, 'W000220', 'SUWARTO', '042412'),
(1953, 'W000221', 'WASTA', '042413'),
(1954, 'W003880', 'SUBROTO', '042501'),
(1955, 'W003548', 'SUGIRAN BIN TUKIJO', '042502'),
(1956, 'W000227', 'WIDODO', '042503'),
(1957, 'W003262', 'USIN', '042504'),
(1958, 'W000229', 'TAUFIK', '042505'),
(1959, 'W003263', 'BASTIAN', '042506'),
(1960, 'W003549', 'R. WAJIRAN', '042507'),
(1961, 'W000232', 'HELMI ASPUTRA', '042508'),
(1962, 'W000233', 'MISWANTO', '042509'),
(1963, 'W003657', 'HADRI', '042510'),
(1964, 'W003658', 'BASTARI', '042511'),
(1965, 'W000236', 'ZAINI', '042512'),
(1966, 'W003264', 'MUHAMMAD FARID HISAM', '042513'),
(1967, 'W003265', 'PUSPITO', '042601'),
(1968, 'W000240', 'PAIMUN', '042602'),
(1969, 'W000243', 'RUSMAJI BIN SIJAN', '042603'),
(1970, 'W000254', 'TUSIMAN', '042604'),
(1971, 'W000245', 'SAENI', '042605'),
(1972, 'W000246', 'AMIRUDIN', '042606'),
(1973, 'W000247', 'SAKRI S', '042607'),
(1974, 'W003659', 'SUDIBYONO', '042608'),
(1975, 'W000249', 'SUKMAN HADI', '042609'),
(1976, 'W003266', 'SUMANTRI', '042610'),
(1977, 'W000251', 'SULAIMAN', '042611'),
(1978, 'W000256', 'RATMAN', '042612'),
(1979, 'W000253', 'SUMARYONO', '042613'),
(1980, 'W003267', 'AMIN NURAHMAN', '042701'),
(1981, 'W003268', 'ENGKUS BIN UTAR', '042702'),
(1982, 'W003269', 'PONIMAN', '042703'),
(1983, 'W000260', 'UNTUNG SUPRIADI', '042704'),
(1984, 'W004238', 'YULIANTO', '042705'),
(1985, 'W000262', 'WATONO', '042706'),
(1986, 'W003947', 'SUGITO', '042707'),
(1987, 'W000271', 'SAKRI', '042708'),
(1988, 'W000265', 'SAIDI', '042709'),
(1989, 'W000266', 'YUSUP EFENDI', '042710'),
(1990, 'W000267', 'SAIHUN', '042711'),
(1991, 'W000268', 'PURWANTO', '042712'),
(1992, 'W003270', 'IRAWAN IRZANTO', '042713'),
(1993, 'W000273', 'ABAS SUSANTO', '042801'),
(1994, 'W000286', 'SUKANDAR', '042802'),
(1995, 'W003506', 'SARDI', '042803'),
(1996, 'W004053', 'SYAMSUL MA\'ARIF', '042804'),
(1997, 'W003271', 'AHMAD FATONI', '042805'),
(1998, 'W003272', 'SUMARYANTO', '042806'),
(1999, 'W003273', 'SAPARUDIN', '042807'),
(2000, 'W003274', 'PIRMAN KASIMAN', '042808'),
(2001, 'W000281', 'AHMADI', '042809'),
(2002, 'W000287', 'BURHANUDIN', '042810'),
(2003, 'W000283', 'ABU ANWAR', '042811'),
(2004, 'W000288', 'SUPARMAN', '042812'),
(2005, 'W003275', 'WIKANTO', '042813'),
(2006, 'W000289', 'SOLEHUDIN', '042901'),
(2007, 'W004205', 'MUJIONO', '042902'),
(2008, 'W000291', 'SUPARMIN', '042903'),
(2009, 'W000292', 'DIRTO', '042904'),
(2010, 'W000293', 'SURADI BIN PARTO. P', '042905'),
(2011, 'W004285', 'YUDI PRAMONO', '042906'),
(2012, 'W003819', 'SURAHMAN', '042907'),
(2013, 'W000296', 'ERWINSYAH', '042908'),
(2014, 'W000297', 'SUWITO', '042909'),
(2015, 'W000298', 'HARAHAP', '042910'),
(2016, 'W000299', 'SURADI BIN KORMEN', '042911'),
(2017, 'W004286', 'AHMAD WAHYUDI', '042912'),
(2018, 'W003550', 'WARSONO', '042913'),
(2019, 'W003232', 'SUGIYONO BIN SARNO', '043001'),
(2020, 'W003278', 'ROMA SUNFRI', '043002'),
(2021, 'W003740', 'SARMADI BIN SARNUBI', '043003'),
(2022, 'W000308', 'TONALI', '043004'),
(2023, 'W000309', 'JUNAIDI', '043005'),
(2024, 'W004074', 'DIMAS AGIL TRI NUGROHO', '043006'),
(2025, 'W004427', 'ROHMAN', '043007'),
(2026, 'W004368', 'SOGIMAN', '043008'),
(2027, 'W003660', 'SUKIJAN', '043009'),
(2028, 'W004075', 'SUMARDI', '043010'),
(2029, 'W004016', 'FAUZANSAH', '043011'),
(2030, 'W000316', 'WAHONO. HS', '043012'),
(2031, 'W004394', 'HASBI', '043013'),
(2032, 'W000334', 'SOLIHIN', '043101'),
(2033, 'W000322', 'MISIRAN', '043102'),
(2034, 'W004100', 'FITRAH SUKARSI', '043103'),
(2035, 'W003741', 'JOKO SUWARNO', '043104'),
(2036, 'W003713', 'CECEP HERMANTO', '043105'),
(2037, 'W000326', 'MUHANDIS', '043106'),
(2038, 'W004017', 'YAMRONI', '043107'),
(2039, 'W003282', 'AMINUDIN', '043108'),
(2040, 'W004287', 'ABADI', '043109'),
(2041, 'W004139', 'IWAN SUTOMO', '043110'),
(2042, 'W003283', 'GUPTA', '043111'),
(2043, 'W003284', 'EDI SUGIANTO', '043112'),
(2044, 'W003285', 'SAEROJI', '043113'),
(2045, 'W003776', 'SUDARTO', '043201'),
(2046, 'W003777', 'HARYONO', '043202'),
(2047, 'W000339', 'RASIKUN', '043203'),
(2048, 'W003929', 'SUGENG BIN SUWADIN', '043204'),
(2049, 'W003551', 'MUHAMMAD', '043205'),
(2050, 'W000351', 'SUTARNO WIBOWO', '043206'),
(2051, 'W003778', 'YAYAN YURIYANTO', '043207'),
(2052, 'W003779', 'AHMAD SYAMSUDIN', '043208'),
(2053, 'W003742', 'MARYOTO', '043209'),
(2054, 'W000346', 'SAFARI', '043210'),
(2055, 'W000347', 'SURATMIN', '043211'),
(2056, 'W003743', 'ISKANDARSYAH', '043212'),
(2057, 'W003784', 'SAPARUDIN', '043213'),
(2058, 'W000353', 'SUKIRNO', '043301'),
(2059, 'W003780', 'ANWARUDIN', '043302'),
(2060, 'W003744', 'NURHAMID', '043303'),
(2061, 'W003963', 'SUGENG SUSILO', '043304'),
(2062, 'W004258', 'WAGIYONO', '043305'),
(2063, 'W000945', 'NGADIRAN', '043306'),
(2064, 'W003781', 'MASKUR', '043307'),
(2065, 'W000360', 'SUPRI PURWOTO', '043308'),
(2066, 'W000361', 'KOMARUDIN', '043309'),
(2067, 'W004186', 'NASRODIN AGUSTIO', '043310'),
(2068, 'W000368', 'BANARI', '043311'),
(2069, 'W000364', 'MUSTAROM', '043312'),
(2070, 'W000365', 'MUHAMAD SOLEH', '043313'),
(2071, 'W004018', 'BUDI RUMIKSO', '043401'),
(2072, 'W004054', 'MISDI', '043402'),
(2073, 'W003812', 'ZAYADI', '043403'),
(2074, 'W004140', 'M. SOLEH', '043404'),
(2075, 'W002488', 'A. SAIFULL', '043405'),
(2076, 'W004087', 'AHMAD WAHIDIN', '043406'),
(2077, 'W002491', 'JUMBUK JAMALUDDIN', '043407'),
(2078, 'W003700', 'MUHAIMIN', '043408'),
(2079, 'W000377', 'GIONO', '043409'),
(2080, 'W003982', 'HUSNUL ARIFIN', '043410'),
(2081, 'L104845', 'BAMBANG HERI SUKOCO', '043411'),
(2082, 'W000380', 'MUSTAKIM', '043412'),
(2083, 'W000381', 'SAKUN', '043413'),
(2084, 'W004194', 'TRI PUJI UTOMO', '043501'),
(2085, 'W004076', 'RUDIYANTO', '043502'),
(2086, 'W000387', 'KASNO', '043503'),
(2087, 'W003694', 'SUROSO WIDODO', '043504'),
(2088, 'W000389', 'MUJIONO', '043505'),
(2089, 'W002895', 'EDI PRIONO', '043506'),
(2090, 'W003911', 'JUNAIDI BIN ALAMSSAH', '043507'),
(2091, 'W003552', 'PURWIDIANTO BIN PADI', '043508'),
(2092, 'W000393', 'BASIRAN', '043509'),
(2093, 'W000394', 'SUTIKNO', '043510'),
(2094, 'L109304', 'SUMARNO', '043511'),
(2095, 'W002499', 'AHMAD SUBAKIR', '043512'),
(2096, 'W003912', 'MARDIYANTO', '043513'),
(2097, 'L103646', 'SYAMSUL ARIFIN', '043601'),
(2098, 'W003553', 'WARSITO BIN TASMIDIN', '043602'),
(2099, 'W000946', 'PAIDI', '043603'),
(2100, 'W004077', 'RYAN EFENDI', '043604'),
(2101, 'W000405', 'MUNDIR ROIZ', '043605'),
(2102, 'L111310', 'HAMBALI', '043606'),
(2103, 'L106879', 'HELDANI', '043607'),
(2104, 'W003661', 'AGUS ARDI YANTO', '043608'),
(2105, 'W000409', 'ERWIN', '043609'),
(2106, 'W000410', 'W. SABARUDIN', '043610'),
(2107, 'W003383', 'MULYADI BIN AHAD', '043611'),
(2108, 'W002929', 'MIFTAHUDIN', '043612'),
(2109, 'W003934', 'BENI NUR MISLAN', '043613'),
(2110, 'W000417', 'MABRURI', '043701'),
(2111, 'W003224', 'DARSONO', '043702'),
(2112, 'W003554', 'SUSILO', '043703'),
(2113, 'W000420', 'SUPARDI. S', '043704'),
(2114, 'W000421', 'ARDI', '043705'),
(2115, 'W000422', 'M. MUHTAR BIN KARJAN', '043706'),
(2116, 'W004400', 'ARMANDA PUTRA', '043707'),
(2117, 'W002931', 'HERI SETYANTO', '043708'),
(2118, 'W003441', 'AMBARNO BIN SUPARDI', '043709'),
(2119, 'W000430', 'RESNO BERASI BIN MAHNUH', '043710'),
(2120, 'W003446', 'SISWANTO BIN KOMARI', '043711'),
(2121, 'W000428', 'MUHAMAD YAMIN', '043712'),
(2122, 'W003555', 'HARIS SADI', '043713'),
(2123, 'W003887', 'EDI MULYANTO', '043801'),
(2124, 'W000434', 'UMAR', '043802'),
(2125, 'W000435', 'SURIPNO', '043803'),
(2126, 'W003286', 'SUWARNO', '043804'),
(2127, 'W003983', 'JOKO SUSILO', '043805'),
(2128, 'W000438', 'SUMINTO', '043806'),
(2129, 'W003287', 'ASTIONO', '043807'),
(2130, 'W000440', 'SUTRISNO', '043808'),
(2131, 'W004407', 'M. ANTON SUSENO', '043809'),
(2132, 'W000442', 'WITO', '043810'),
(2133, 'W003288', 'ANDRI YANSYAH', '043811'),
(2134, 'W002932', 'SUNARKO', '043812'),
(2135, 'W003662', 'AGUS HARIYANTO', '043813'),
(2136, 'W003289', 'ASMANA', '043901'),
(2137, 'W004162', 'YADI SUPRIYADI', '043902'),
(2138, 'W002443', 'RIDWAN', '043903'),
(2139, 'W000452', 'TIRAN', '043904'),
(2140, 'W000453', 'SUTARTO', '043905'),
(2141, 'W000454', 'PRIYO SUGIATNO', '043906'),
(2142, 'W000455', 'ASIH MUSLIM', '043907'),
(2143, 'W002462', 'HARISTIAN', '043908'),
(2144, 'W000457', 'BAHRUDIN', '043909'),
(2145, 'W003291', 'ISKARANDI', '043910'),
(2146, 'W000459', 'HELMI JULIADI', '043911'),
(2147, 'W003292', 'JAWILSON SIJABAT', '043912'),
(2148, 'W000462', 'MUSTAWI', '043913'),
(2149, 'W000465', 'SULTAN ANTARDI', '044001'),
(2150, 'L106141', 'ZAKARONI', '044002'),
(2151, 'W000467', 'NASIR', '044003'),
(2152, 'W002468', 'IRSAN EFENDI BIN IMRON', '044004'),
(2153, 'W004387', 'WAWAN SUKARTONO', '044005'),
(2154, 'W003576', 'SAUGANI BIN BUSTAN', '044006'),
(2155, 'W000471', 'A. BURHANUDIN', '044007'),
(2156, 'W003294', 'DURIYAT', '044008'),
(2157, 'W003801', 'AKHMAD FADLI', '044009'),
(2158, 'W000474', 'ALI BUDAN', '044010'),
(2159, 'W000475', 'ACHMAD ZAHIRIN', '044011'),
(2160, 'W000476', 'AHMAD SUEB', '044012'),
(2161, 'W004352', 'JUNEDI', '044013'),
(2162, 'W002500', 'KISMIRIN', '044101'),
(2163, 'W000482', 'ADI YUNI', '044102'),
(2164, 'W003921', 'HENDRA', '044103'),
(2165, 'W000484', 'BUHORI BIN HM. UMAR', '044104'),
(2166, 'W004055', 'JUMHADI', '044105'),
(2167, 'W004440', 'FRANSISNO', '044106'),
(2168, 'W004343', 'DEBI KABUT', '044107'),
(2169, 'W004187', 'DARYONO', '044108'),
(2170, 'L108590', 'TUGIMIN', '044109'),
(2171, 'W000490', 'ERLAN', '044110'),
(2172, 'W004119', 'MULYANI', '044111'),
(2173, 'W003767', 'BAMBANG SUNARDI', '044112'),
(2174, 'W004408', 'SARDIYANTO', '044113'),
(2175, 'W002463', 'SOBRI BIN ISMAIL', '044201'),
(2176, 'W000498', 'SUDARMAWAN', '044202'),
(2177, 'W003296', 'SUPOYO', '044203'),
(2178, 'W000510', 'JUMALI', '044204'),
(2179, 'W004409', 'ASEP SOBAR', '044205'),
(2180, 'W003725', 'RONI PASLA', '044206'),
(2181, 'W000512', 'JASURI', '044207'),
(2182, 'W000504', 'ISWAN', '044208'),
(2183, 'L104865', 'SUHARIYANTO', '044209'),
(2184, 'W000506', 'ISKANDAR BIN MUHTAR', '044210'),
(2185, 'W000507', 'ISKANDAR BIN ALI HARUN', '044211'),
(2186, 'W003831', 'AZLIRO', '044212'),
(2187, 'W000511', 'JAYUSMAN', '044213'),
(2188, 'W004101', 'BAYU NOVATRA', '044301'),
(2189, 'W003714', 'SUKARMAN', '044302'),
(2190, 'W003975', 'INDRAWAN', '044303'),
(2191, 'W003695', 'TONGKU DAULAY', '044304'),
(2192, 'W003715', 'H. SAMUJI BIN JEMIRAN', '044305'),
(2193, 'W003580', 'ALBERNANDUS PURBA', '044306'),
(2194, 'W004120', 'M. YUSUP', '044307'),
(2195, 'W003581', 'MUNASIR', '044308'),
(2196, 'W003813', 'BAMBANG SUHENDI', '044309'),
(2197, 'W003583', 'AGUS PURWANTO', '044310'),
(2198, 'W004188', 'RIZAL EFENDI', '044311'),
(2199, 'W003814', 'ALI SAHBANA', '044312'),
(2200, 'W003556', 'SUTOMO', '044313'),
(2201, 'W000529', 'MUHAMAD ROJI', '044401'),
(2202, 'W003827', 'AMINURRASYID', '044402'),
(2203, 'W004121', 'DIDIK SURTIAWAN', '044403'),
(2204, 'W003388', 'SURYANTO', '044404'),
(2205, 'W003516', 'ALFIAN', '044405'),
(2206, 'W003834', 'SAHONO BIN MARIJAN', '044406'),
(2207, 'W003407', 'ASMADI BIN MULKAN', '044407'),
(2208, 'W003557', 'NAHUM NABABAN', '044408'),
(2209, 'W003508', 'SUKISTO', '044409'),
(2210, 'W003503', 'ABDUL RAHMAN', '044410'),
(2211, 'W003360', 'RAHMAN KEMIS', '044411'),
(2212, 'W003558', 'SUNARI', '044412'),
(2213, 'W003505', 'SALMAN', '044413'),
(2214, 'L106090', 'SUYATNI', '044501'),
(2215, 'W000546', 'FERY JAYA SAPUTRA', '044502'),
(2216, 'W003664', 'SUPRIYANTO', '044503'),
(2217, 'W003908', 'KUNCORO', '044504'),
(2218, 'W000549', 'SAIMIN', '044505'),
(2219, 'W000550', 'SUNGKONO', '044506'),
(2220, 'W003718', 'NURJANI', '044507'),
(2221, 'W000552', 'SUKASMIN', '044508'),
(2222, 'W000559', 'MURYOTO', '044509'),
(2223, 'W000554', 'SUGIYATNO', '044510'),
(2224, 'W000555', 'SUHAIMI', '044511'),
(2225, 'W000558', 'SUKAMTO', '044512'),
(2226, 'W001319', 'IRIANTO', '044513'),
(2227, 'W000561', 'SUGITO', '044601'),
(2228, 'W000576', 'YAUDI', '044602'),
(2229, 'W000563', 'SUWAHIB', '044603'),
(2230, 'W004102', 'MURIDAN', '044604'),
(2231, 'W000565', 'SARMIDI', '044605'),
(2232, 'W000566', 'SUPARNO', '044606'),
(2233, 'W003984', 'SURONO', '044607'),
(2234, 'W000568', 'SUGIYANTO', '044608'),
(2235, 'W002865', 'UDIYONO', '044609'),
(2236, 'W000574', 'WARDOYO', '044610'),
(2237, 'W000571', 'TRIYONO', '044611'),
(2238, 'W000572', 'UNTUNG', '044612'),
(2239, 'W000573', 'WIJI', '044613'),
(2240, 'W000577', 'ZULKIPLI', '044701'),
(2241, 'W003745', 'MAHMUD SIDIK', '044702'),
(2242, 'W003992', 'SAGIMAN', '044703'),
(2243, 'W000580', 'ZULKIPLI M', '044704'),
(2244, 'W000581', 'ZULKARNAIN', '044705'),
(2245, 'W000582', 'SURYANA', '044706'),
(2246, 'W003746', 'JAM JAM RADITO', '044707'),
(2247, 'W000584', 'ABU BAKAR', '044708'),
(2248, 'W000585', 'RUSWANI NAWAWI', '044709'),
(2249, 'W003828', 'AGUS SOLIHUN', '044710'),
(2250, 'W002494', 'ROMADLON BIN SUBANDI', '044711'),
(2251, 'W003701', 'HABIB', '044712'),
(2252, 'W003559', 'ZAENAL ABIDIN', '044713'),
(2253, 'W003753', 'WASIDI', '044801'),
(2254, 'W003747', 'DARWISATA', '044802'),
(2255, 'W000595', 'HARYANTO', '044803'),
(2256, 'W000596', 'HARIP\'AT', '044804'),
(2257, 'W004344', 'WAHYU WONO', '044805'),
(2258, 'L105501', 'SOBRI', '044806'),
(2259, 'W003719', 'SELAMET', '044807'),
(2260, 'W000600', 'MULYADI', '044808'),
(2261, 'W000601', 'M NURDIN', '044809'),
(2262, 'W003949', 'SHOHIBUL ULUM', '044810'),
(2263, 'W000603', 'ROMZI', '044811'),
(2264, 'W000604', 'RAHMAD ILAHI', '044812'),
(2265, 'W000605', 'SOYONO', '044813'),
(2266, 'W003835', 'WAGIMIN', '044901'),
(2267, 'W003754', 'ZAINUL ARIFIN', '044902'),
(2268, 'W003665', 'HENDRO', '044903'),
(2269, 'W003297', 'KUSNI MUBAROK', '044904'),
(2270, 'W003298', 'LEGIRAN', '044905'),
(2271, 'W000614', 'TOHARI', '044906'),
(2272, 'W000615', 'SURAHMAN', '044907'),
(2273, 'W000624', 'SUPRINGGO', '044908'),
(2274, 'W004122', 'AKTA JAYA', '044909'),
(2275, 'W003755', 'HERIYANTO', '044910'),
(2276, 'W003299', 'MUHAMAD YUSLAN', '044911'),
(2277, 'W000623', 'SARIMAN', '044912'),
(2278, 'W000621', 'A RAHMAN', '044913'),
(2279, 'W000625', 'HERMANSYAH YUNUS', '045001'),
(2280, 'W003300', 'TRISNO SISWOYO', '045002'),
(2281, 'W000639', 'RASIM', '045003'),
(2282, 'W002457', 'INSANI BIN SAHLAN', '045004'),
(2283, 'W004388', 'KHOIRUL MUFID', '045005'),
(2284, 'W004378', 'ANDRY SLAMET', '045006'),
(2285, 'W003397', 'BUDI HARYANTO', '045007'),
(2286, 'W003666', 'SAHFERI', '045008'),
(2287, 'W003585', 'NASIP BIN SADIYO', '045009'),
(2288, 'W004141', 'ROHADI', '045010'),
(2289, 'W004431', 'WARSONO', '045011'),
(2290, 'W000636', 'RATIM', '045012'),
(2291, 'W000640', 'M. SOBAR BIN OLEK', '045013'),
(2292, 'W000641', 'AMIN', '045101'),
(2293, 'W003303', 'YUSWOADI', '045102'),
(2294, 'W003304', 'TUPON', '045103'),
(2295, 'W004428', 'HERMANTO', '045104'),
(2296, 'W000645', 'BERO', '045105'),
(2297, 'W000646', 'LIGA AWANI', '045106'),
(2298, 'W004288', 'AHMAT KHOIRUDIN', '045107'),
(2299, 'W000648', 'PAIJAN', '045108'),
(2300, 'W000654', 'RUSLAN', '045109'),
(2301, 'W000650', 'NURDIN BIN MASLI', '045110'),
(2302, 'W000651', 'L. SURYANTO', '045111'),
(2303, 'W003305', 'MISWAN', '045112'),
(2304, 'W003306', 'BULHAKI', '045113'),
(2305, 'W003668', 'ISWAHYUDI', '045201'),
(2306, 'W000658', 'LUDIONO BIN KADERIN', '045202'),
(2307, 'W000659', 'JOKO PURNOMO', '045203'),
(2308, 'W004206', 'NURMUSTAHIDIN', '045204'),
(2309, 'W004142', 'ANDREAS ARIS H', '045205'),
(2310, 'W003307', 'SYAMSUDIN', '045206'),
(2311, 'W000663', 'MARKIJAN', '045207'),
(2312, 'W000664', 'SUHAILI', '045208'),
(2313, 'W002442', 'HARIYANTO BIN SUPRAPTO', '045209'),
(2314, 'W003669', 'AKUAN', '045210'),
(2315, 'W004143', 'HASAN BASRI', '045211'),
(2316, 'W000670', 'SUWITO', '045212'),
(2317, 'W000669', 'MUJIONO', '045213'),
(2318, 'W000673', 'REBO', '045301'),
(2319, 'W003802', 'NURUL HUDA', '045302'),
(2320, 'W004395', 'RIYANTO', '045303'),
(2321, 'W004056', 'PRAYITNO', '045304'),
(2322, 'W002998', 'HENGKI', '045305'),
(2323, 'W000678', 'MAHPUD SIDIQ', '045306'),
(2324, 'W000679', 'SARDANI', '045307'),
(2325, 'W000680', 'ACHMAD BIN HUSIN', '045308'),
(2326, 'W003670', 'DASIMAN', '045309'),
(2327, 'W004057', 'ABU BAKAR', '045310'),
(2328, 'W004078', 'EGA LAZUARDI', '045311'),
(2329, 'W000684', 'NASRI EFENDI AH', '045312'),
(2330, 'W004222', 'FIRDAUS', '045313'),
(2331, 'W004079', 'ANDI', '045401'),
(2332, 'W003882', 'ALI ASROFUL HADI', '045402'),
(2333, 'W000691', 'ALI ROSIDI', '045403'),
(2334, 'W004020', 'JAYANTO', '045404'),
(2335, 'W000702', 'SUDARNO', '045405'),
(2336, 'W000694', 'DARSID', '045406'),
(2337, 'W000703', 'MU\'ADIB', '045407'),
(2338, 'W002959', 'DWI EFIYANTO', '045408'),
(2339, 'W004103', 'SARWI', '045409'),
(2340, 'W000698', 'SUMARDI BIN SAIDIN', '045410'),
(2341, 'W003883', 'SUSILO HANDOKO', '045411'),
(2342, 'W000700', 'MUHASIM', '045412'),
(2343, 'W000701', 'SUTOTO', '045413'),
(2344, 'W003308', 'SUNARHAP', '045501'),
(2345, 'W000706', 'SUHARDIN MADLAN', '045502'),
(2346, 'W002866', 'MUJIONO', '045503'),
(2347, 'W003309', 'SUPARMAN', '045504'),
(2348, 'W004021', 'DWI HARTANTO', '045505'),
(2349, 'W002999', 'DEDY IRAWAN', '045506'),
(2350, 'W003985', 'ARIS MAWARDI', '045507'),
(2351, 'W000712', 'SARKOWI GONI', '045508'),
(2352, 'W002960', 'PAIRAN', '045509'),
(2353, 'W003310', 'AHMADI', '045510'),
(2354, 'W000715', 'SUTAJI', '045511'),
(2355, 'W003311', 'MUSTAR', '045512'),
(2356, 'W000717', 'SULISTIONO', '045513'),
(2357, 'W000721', 'SU\'IN', '045601'),
(2358, 'W000722', 'BAMBANG HARMONO', '045602'),
(2359, 'W000723', 'YUSUPI ALWI', '045603'),
(2360, 'W002867', 'TEGUH LISDIANTORO', '045604'),
(2361, 'W004088', 'SUYADI', '045605'),
(2362, 'W003560', 'ISKANDAR', '045606'),
(2363, 'W004022', 'SUGIARTO', '045607'),
(2364, 'W002933', 'FATHUL MUNITR', '045608'),
(2365, 'W002934', 'KATNO', '045609'),
(2366, 'W003671', 'MARJOKO', '045610'),
(2367, 'W003672', 'DENTA AMRULLAH', '045611'),
(2368, 'W003930', 'SYURYADI', '045612'),
(2369, 'W003815', 'SLAMET SEDYANTO', '045613'),
(2370, 'W002898', 'SAWAT', '045701'),
(2371, 'W000738', 'TAMSIR. W', '045702'),
(2372, 'W004289', 'MARDIANSYAH', '045703'),
(2373, 'W002935', 'ISMAIL', '045704'),
(2374, 'W000751', 'TRIYONO BIN SUROSO', '045705'),
(2375, 'W000742', 'ANDREAS SUGITO', '045706'),
(2376, 'W002869', 'ARSONO', '045707'),
(2377, 'W000744', 'A. SUWITO', '045708'),
(2378, 'W004259', 'SUWARNO', '045709'),
(2379, 'W000746', 'TAMBAT BIN MALAHAN', '045710'),
(2380, 'W004260', 'JESLAN SIHOMBING', '045711'),
(2381, 'W000748', 'TOIKUN', '045712'),
(2382, 'W003884', 'IWAN HIDAYAT', '045713'),
(2383, 'W000767', 'SUKADI', '045801'),
(2384, 'W002870', 'HARYONO SUHARDA', '045802'),
(2385, 'W000755', 'APIPUDIN', '045803'),
(2386, 'W004059', 'PUJIONO', '045804'),
(2387, 'W003951', 'BUDIONO', '045805'),
(2388, 'W004144', 'SUMARYO', '045806'),
(2389, 'W000759', 'DAMIN BIN SARIF', '045807'),
(2390, 'W004023', 'DANIAL', '045808'),
(2391, 'W002936', 'THOLIB', '045809'),
(2392, 'W003727', 'NANANG', '045810'),
(2393, 'W000763', 'YUYADI', '045811'),
(2394, 'W000764', 'BASHELMI ALI SA\'A', '045812'),
(2395, 'W004290', 'DJUNAEDI', '045813'),
(2396, 'W000769', 'EKO MAHMUDIN', '045901'),
(2397, 'W004195', 'IRWANSYAH', '045902'),
(2398, 'W004104', 'EDI SUROTO', '045903'),
(2399, 'W000772', 'ENDANG SLAMET', '045904'),
(2400, 'W000773', 'SUNTORO BIN MUJI', '045905'),
(2401, 'W004105', 'TATHARU KUDUS TN', '045906'),
(2402, 'W004328', 'DARIUS', '045907'),
(2403, 'W003313', 'MUJIYANTO', '045908'),
(2404, 'W004239', 'NURI WASYANDI', '045909'),
(2405, 'W000778', 'BASTONI', '045910'),
(2406, 'W000779', 'APANDI', '045911'),
(2407, 'W000784', 'SUHARYANTO', '045912'),
(2408, 'W002937', 'MUKLIS', '045913'),
(2409, 'W004024', 'MAS BENI', '046001'),
(2410, 'W004261', 'MAYAR ROMADI', '046002'),
(2411, 'W000799', 'IMAM MALIK', '046003'),
(2412, 'W003314', 'KHOIRUDDIN', '046004'),
(2413, 'W003315', 'SUMARNO', '046005'),
(2414, 'W002466', 'SUTARNO BIN SUKAR', '046006'),
(2415, 'W000791', 'I KETUT WANDRI', '046007'),
(2416, 'W000792', 'SIMAN', '046008'),
(2417, 'W000793', 'MASKUR', '046009'),
(2418, 'W000798', 'S. WATNO', '046010'),
(2419, 'W004025', 'WAWAN EDIYANTO', '046011'),
(2420, 'W000800', 'WAHYUDIN', '046012'),
(2421, 'W000797', 'HENDRI', '046013'),
(2422, 'W003316', 'SAMSUL', '046101'),
(2423, 'W002872', 'MUHIDIN SAIFULOH', '046102'),
(2424, 'W000816', 'WAGITO', '046103'),
(2425, 'W000815', 'ZULHADI', '046104'),
(2426, 'W000805', 'JONO', '046105'),
(2427, 'W000806', 'SUYOTO', '046106'),
(2428, 'W004106', 'SOLIHIN', '046107'),
(2429, 'W000808', 'RUSNADI', '046108'),
(2430, 'W000809', 'SUYANTO BIN SALIMIN', '046109'),
(2431, 'W000810', 'HERU WIDODO', '046110'),
(2432, 'W002873', 'MISMAN', '046111'),
(2433, 'W001155', 'AHMAD SYARIFUDIN', '046112'),
(2434, 'W004432', 'RIKI RIMAWAN', '046113'),
(2435, 'W003317', 'DWIJUTO NUGROHO', '046201'),
(2436, 'W000818', 'CANDRA PURNAMA', '046202'),
(2437, 'W000819', 'SAMSUL HIDAYAT', '046203'),
(2438, 'W000820', 'IRWAN', '046204'),
(2439, 'W003318', 'PARDIMIN', '046205');
INSERT INTO `petambak` (`id`, `register`, `nama`, `alamat`) VALUES
(2440, 'W000830', 'ZUL AMRAN YURLI', '046206'),
(2441, 'W000831', 'SUPRAYITNO BIN PARIDI', '046207'),
(2442, 'W000824', 'WARNO', '046208'),
(2443, 'W003952', 'AGUS SAPUTRO', '046209'),
(2444, 'W000826', 'SUKIWAN', '046210'),
(2445, 'W004163', 'SUTIKNO', '046211'),
(2446, 'W002939', 'SUMARTO', '046212'),
(2447, 'W000829', 'SAMIAJI', '046213'),
(2448, 'W003319', 'SUGIONO', '046301'),
(2449, 'W000834', 'YANDANI', '046302'),
(2450, 'W000835', 'ZAINAL ABIDIN', '046303'),
(2451, 'L105039', 'ISKANDAR', '046304'),
(2452, 'W003320', 'MUJAKIR', '046305'),
(2453, 'W002985', 'AGUS ROY MARTEN', '046306'),
(2454, 'W000839', 'SAMSUDIN', '046307'),
(2455, 'W000847', 'I NYOMAN RENA', '046308'),
(2456, 'W003321', 'ANANIAS RUSLAN PADAKARI', '046309'),
(2457, 'W000842', 'SYAIFUDIN', '046310'),
(2458, 'W000848', 'HENDRI WIJAYA', '046311'),
(2459, 'W003322', 'BUDIANTO', '046312'),
(2460, 'W002874', 'SUGITO', '046313'),
(2461, 'W003323', 'SARYONO', '046401'),
(2462, 'W004358', 'WAWAN HERMAWAN', '046402'),
(2463, 'W003325', 'SUBANDI A.H', '046403'),
(2464, 'W000852', 'AJRUNI', '046404'),
(2465, 'W000863', 'HANAFI HUSNI', '046405'),
(2466, 'W003846', 'ALFONSIUS ADEO SILAB', '046406'),
(2467, 'W000855', 'BAMBANG EDI PRYITNO', '046407'),
(2468, 'W004396', 'AHMAD SYARIFUDIN', '046408'),
(2469, 'W004196', 'TEGUH RAHAYU', '046409'),
(2470, 'W000858', 'BADARIAH', '046410'),
(2471, 'W000859', 'PARWOTO', '046411'),
(2472, 'W000860', 'WAGIMAN', '046412'),
(2473, 'W003326', 'RUDIYANTO', '046413'),
(2474, 'W000865', 'ADI JAMI\'IN', '046501'),
(2475, 'W000866', 'ROZIKIN', '046502'),
(2476, 'W000867', 'AGUS SUTIYO', '046503'),
(2477, 'W003327', 'JAINI', '046504'),
(2478, 'L108459', 'IDHAM', '046505'),
(2479, 'W000879', 'JEMIRAN', '046506'),
(2480, 'W004081', 'BIBIT PURNOMO', '046507'),
(2481, 'W000880', 'SUYATNO', '046508'),
(2482, 'W004060', 'DUDI ISKANDAR', '046509'),
(2483, 'W000874', 'SUTIKNO', '046510'),
(2484, 'W000875', 'SIMIN MUSTOFA', '046511'),
(2485, 'W000876', 'DWI JOKO SANTOSO', '046512'),
(2486, 'W003757', 'ROEKHAN', '046513'),
(2487, 'W000894', 'EDIMAN BIN MAJOHOR', '046601'),
(2488, 'W004379', 'M. AMINUDIN', '046602'),
(2489, 'W000883', 'SUPARNI', '046603'),
(2490, 'W002940', 'RUSMIN NURYADI', '046604'),
(2491, 'W000885', 'ARMAWAN BIN MARKAN', '046605'),
(2492, 'W000886', 'DWI ERMAWAN', '046606'),
(2493, 'W004262', 'RIFALIANTO', '046607'),
(2494, 'W000888', 'BAKRI', '046608'),
(2495, 'W003328', 'ASMIRI BIN MAHMUD', '046609'),
(2496, 'W000890', 'SUPRAYITNO BIN BOIMAN', '046610'),
(2497, 'W004124', 'DEDI', '046611'),
(2498, 'W000892', 'HUSNI IDRUS', '046612'),
(2499, 'W004410', 'HENDRA MULYANA', '046613'),
(2500, 'W004145', 'HERIYANTO', '046701'),
(2501, 'W003329', 'IRWANASIR', '046702'),
(2502, 'W001093', 'HERWANTO', '046703'),
(2503, 'W003881', 'YUDI FIRDIANSYAH', '046704'),
(2504, 'W001095', 'SISAL', '046705'),
(2505, 'W001096', 'ARKANEDY D', '046706'),
(2506, 'L105193', 'SUMINO', '046707'),
(2507, 'W001098', 'AKSIRWAN', '046708'),
(2508, 'W001772', 'BAHARUDDIN', '046709'),
(2509, 'W001106', 'A. AKDIR BIN ALKAD', '046710'),
(2510, 'W001101', 'GAOS MARWI', '046711'),
(2511, 'W001104', 'P. SISWOYO', '046712'),
(2512, 'W001103', 'AMARUDIN', '046713'),
(2513, 'W001121', 'A. BULYAMIN', '046801'),
(2514, 'W001108', 'YUS KRISTANTO', '046802'),
(2515, 'W003953', 'SYAHRUL FIKRI', '046803'),
(2516, 'W003863', 'AMIN TOHARI', '046804'),
(2517, 'W002453', 'SYUKRI HIDAYAT', '046805'),
(2518, 'W001112', 'SAIFUL', '046806'),
(2519, 'W003986', 'USMAN', '046807'),
(2520, 'W004359', 'SANGKUT', '046808'),
(2521, 'W004038', 'FERDIANSYAH', '046809'),
(2522, 'W003768', 'NOPRIANDI', '046810'),
(2523, 'W002986', 'ERWAN', '046811'),
(2524, 'W001118', 'M. HERAWANI', '046812'),
(2525, 'W001119', 'NASRUDDIN M. DIAH', '046813'),
(2526, 'W003330', 'SOPANA', '046901'),
(2527, 'W003923', 'KIMANTO', '046902'),
(2528, 'W000944', 'TANDELANI BIN RUSLIN', '046903'),
(2529, 'W000932', 'TARMIN', '046904'),
(2530, 'W004436', 'RAHMATULLAH', '046905'),
(2531, 'L105581', 'RIDWAN', '046906'),
(2532, 'W000935', 'TASLIM', '046907'),
(2533, 'L104012', 'EKO TUNGGARA', '046908'),
(2534, 'W003331', 'SUMARTONO', '046909'),
(2535, 'W000938', 'UNTUNG WIDODO', '046910'),
(2536, 'W003562', 'ROPUAD BIN SAIDI', '046911'),
(2537, 'W000940', 'MANIBUL AKHWAN', '046912'),
(2538, 'W004329', 'YARONI', '046913'),
(2539, 'W004369', 'AAS WAHYUDIN', '047001'),
(2540, 'L103794', 'EDI AGUS CIK', '047002'),
(2541, 'W003332', 'SUNGADIYO', '047003'),
(2542, 'W004263', 'DASMIN', '047004'),
(2543, 'W000901', 'EDYSON RAHAMAN', '047005'),
(2544, 'W000910', 'SUROSO', '047006'),
(2545, 'W000903', 'WINARTO', '047007'),
(2546, 'W000904', 'EKA SUSANDI BIN GEMANTI', '047008'),
(2547, 'W004330', 'RIFKI WAHYUDIN', '047009'),
(2548, 'L103797', 'RIYANTO', '047010'),
(2549, 'W000907', 'KASTAJI', '047011'),
(2550, 'W003758', 'DEDI PRESIANTO', '047012'),
(2551, 'W000909', 'PARDIO B KASMAN', '047013'),
(2552, 'L103806', 'RAFIK', '047101'),
(2553, 'W003673', 'A. SUJIONO', '047102'),
(2554, 'W000915', 'BUDI SANTOSO', '047103'),
(2555, 'L103816', 'ESTARTA', '047104'),
(2556, 'W000926', 'NGATEMIN', '047105'),
(2557, 'W003674', 'ALEXANDER', '047106'),
(2558, 'W003333', 'SUPARIANTO', '047107'),
(2559, 'W000920', 'HARYANTO', '047108'),
(2560, 'W000921', 'MIMIN ANDRIANTO', '047109'),
(2561, 'W003334', 'SUPRIONO', '047110'),
(2562, 'W003563', 'LORENTON GULTOM', '047111'),
(2563, 'W000927', 'PARYONO', '047112'),
(2564, 'W003675', 'A. RAHMAN', '047113'),
(2565, 'W004439', 'RUDHI BURHANUDDIN', '047201'),
(2566, 'W001124', 'MUSTAKIM', '047202'),
(2567, 'L104279', 'RASIYANTO', '047203'),
(2568, 'W004171', 'PAIRI', '047204'),
(2569, 'W001127', 'SUPRANTO', '047205'),
(2570, 'W003769', 'TUMIRAN', '047206'),
(2571, 'W001129', 'HAMDI', '047207'),
(2572, 'W003337', 'KARTIJA', '047208'),
(2573, 'W003338', 'WAKIT', '047209'),
(2574, 'W001132', 'HASAN', '047210'),
(2575, 'W001133', 'ERLAN BIN MULKAN', '047211'),
(2576, 'W001136', 'SUWONDO', '047212'),
(2577, 'W003005', 'SURIPTO', '047213'),
(2578, 'W003339', 'MUJI SLAMET', '047301'),
(2579, 'W002941', 'BUDIONO', '047302'),
(2580, 'W001141', 'BUDI HARTONO', '047303'),
(2581, 'W004150', 'SARENGAT', '047304'),
(2582, 'W001143', 'SUPARJO', '047305'),
(2583, 'L101383', 'HERMAN SUHERMAN', '047306'),
(2584, 'W002493', 'AHMADI BIN ERJAM', '047307'),
(2585, 'W003340', 'ABU HAJAT', '047308'),
(2586, 'W001147', 'RUSLAN ABDUL GANI', '047309'),
(2587, 'W001148', 'BAET HASAN', '047310'),
(2588, 'W002875', 'MUSLIM', '047311'),
(2589, 'W002876', 'MUHHAD ROMLAN ASSYDIQ', '047312'),
(2590, 'W003940', 'DWI HANDOKO', '047313'),
(2591, 'L105705', 'M. HUSEN', '047401'),
(2592, 'W003785', 'SUJOKO', '047402'),
(2593, 'W003564', 'TANDA TUA HUTAGALUNG', '047403'),
(2594, 'W003896', 'JUNAEDI', '047404'),
(2595, 'L108313', 'AHMAD DODI', '047405'),
(2596, 'W001178', 'YASMIN BIN HELMI', '047406'),
(2597, 'W002943', 'YUSWANTORO', '047407'),
(2598, 'W001180', 'TOTO MARWIYANTO', '047408'),
(2599, 'W001181', 'ATUN HENDRA MAT SOLEH', '047409'),
(2600, 'W001182', 'HUDMI BIN ISHAK', '047410'),
(2601, 'W003847', 'SUPIYANTO', '047411'),
(2602, 'W001188', 'CARMAN', '047412'),
(2603, 'W004026', 'AGUS ARYADI', '047413'),
(2604, 'W001189', 'AHMADI BIN SUDIRMAN', '047501'),
(2605, 'W004027', 'KHOIRUL ASWADI', '047502'),
(2606, 'W001202', 'HAIRIL ANWAR', '047503'),
(2607, 'W001192', 'SUGENG PUTRA', '047504'),
(2608, 'W004028', 'KHUSNUL HUDA', '047505'),
(2609, 'W003365', 'WAHMANTO', '047506'),
(2610, 'W004411', 'HERMAWAN', '047507'),
(2611, 'W004360', 'DAROSO', '047508'),
(2612, 'W001197', 'ERIZIKI HIDAYATULLAH', '047509'),
(2613, 'W003565', 'AHMAD DARMAWANSYAH', '047510'),
(2614, 'W001199', 'SUPPRAPTO', '047511'),
(2615, 'W001200', 'JUANDA B. M. NUH', '047512'),
(2616, 'W001201', 'ANDITO', '047513'),
(2617, 'W004389', 'ADI SARWONO', '047601'),
(2618, 'W001206', 'JAYA SAKTI', '047602'),
(2619, 'W001219', 'SUPARDI', '047603'),
(2620, 'W001208', 'HARTONO A', '047604'),
(2621, 'W001209', 'MUSIDI', '047605'),
(2622, 'W001210', 'MADI', '047606'),
(2623, 'W001211', 'FACRUL ROZI K', '047607'),
(2624, 'W004240', 'CANDRA ARIADIN', '047608'),
(2625, 'W003566', 'EDY SUTENDI BIN MARISO', '047609'),
(2626, 'W003567', 'BUDI RIYANTO', '047610'),
(2627, 'W003568', 'SUWAJI BIN PONIMAN', '047611'),
(2628, 'W001216', 'SUWARSO', '047612'),
(2629, 'W001217', 'RUDY LUKMAN', '047613'),
(2630, 'W002900', 'MUHAMAD TAUFIK', '047701'),
(2631, 'W004419', 'SLAMET B', '047702'),
(2632, 'W001223', 'ABI KUSNI', '047703'),
(2633, 'W001235', 'TUBARIAL ASRI', '047704'),
(2634, 'W003569', 'MULYADI BIN ABU BAKAR', '047705'),
(2635, 'W001226', 'MUHAMMAD BANDI SY', '047706'),
(2636, 'W004125', 'SUJAROT', '047707'),
(2637, 'W001228', 'ANSORI MUIN', '047708'),
(2638, 'W003954', 'KASIANTO', '047709'),
(2639, 'W003127', 'TUMIRAN', '047710'),
(2640, 'W001231', 'AZWAR', '047711'),
(2641, 'W003570', 'TASWANTO', '047712'),
(2642, 'W001233', 'SAMSUL BIN MANGSUR', '047713'),
(2643, 'W001237', 'SOETANTO', '047801'),
(2644, 'W001238', 'SUPREYITNO', '047802'),
(2645, 'W003955', 'FAUZAN', '047803'),
(2646, 'W001240', 'EDI SUSANTO', '047804'),
(2647, 'W004107', 'MUKLIS', '047805'),
(2648, 'W001251', 'BUSTONI', '047806'),
(2649, 'W001243', 'MULYO SUTIKNO', '047807'),
(2650, 'W001252', 'FERY BIN ROZALI', '047808'),
(2651, 'W001245', 'RIYONO', '047809'),
(2652, 'W003770', 'KARNAEN', '047810'),
(2653, 'W003571', 'SAHURMAN BIN DARSO', '047811'),
(2654, 'W001609', 'DWI CAHYO UTOMO', '047812'),
(2655, 'W001250', 'UMAR DANI', '047813'),
(2656, 'W001253', 'RAHMAN TUGI BIN A HADI', '047901'),
(2657, 'W001254', 'MAT AINI', '047902'),
(2658, 'W001255', 'HASAAH', '047903'),
(2659, 'W001256', 'KHOIRUL RAHMAT', '047904'),
(2660, 'W001257', 'SARBANI', '047905'),
(2661, 'W001258', 'SAIPUL BIN AHMAD', '047906'),
(2662, 'W001259', 'SARDIKIN BIN KIROM', '047907'),
(2663, 'W004361', 'HERUL ISKANDAR', '047908'),
(2664, 'W003816', 'MISNO', '047909'),
(2665, 'W004172', 'BENI', '047910'),
(2666, 'W001263', 'DARMADI MS', '047911'),
(2667, 'W001264', 'SOFIYAN', '047912'),
(2668, 'W003676', 'RAFLES TOGATOROP', '047913'),
(2669, 'L106227', 'HADI SUSENO', '048001'),
(2670, 'W001270', 'SARNUBI IBRAHIM', '048002'),
(2671, 'W001271', 'ANTONI BIN ALI B', '048003'),
(2672, 'W003905', 'SIGIT RUSENO', '048004'),
(2673, 'W003874', 'MASRUKHIN', '048005'),
(2674, 'W001274', 'SUKIRNO', '048006'),
(2675, 'W001275', 'IRWAN', '048007'),
(2676, 'W001276', 'RASUL', '048008'),
(2677, 'W002953', 'MALIDIN', '048009'),
(2678, 'W001278', 'DARYAMIN', '048010'),
(2679, 'W004029', 'BUDI UTOMO', '048011'),
(2680, 'W003807', 'AHMAD RIFA\'I', '048012'),
(2681, 'W004108', 'JANWAR WIWIN RODIAN', '048013'),
(2682, 'W001285', 'SUPRIYONO', '048101'),
(2683, 'W001286', 'TOWIL UMRI', '048102'),
(2684, 'W001287', 'DEDI B. BAHERANSYAH', '048103'),
(2685, 'W001288', 'A. RAHMAN B. M', '048104'),
(2686, 'W001289', 'MULYADI BIN FAIZAL', '048105'),
(2687, 'W004198', 'SUWANTO', '048106'),
(2688, 'W001291', 'KHAIDIR SP', '048107'),
(2689, 'W001292', 'AMAR SUBRON BIN SERONI', '048108'),
(2690, 'W001293', 'KUSNADI', '048109'),
(2691, 'W004173', 'BASIRUN', '048110'),
(2692, 'W001295', 'IRWANDI THAMRIN', '048111'),
(2693, 'W001296', 'DIDI HARIANTO', '048112'),
(2694, 'W001297', 'NANG EDI BIN MERSID', '048113'),
(2695, 'W001314', 'RUDI HARTONO', '048201'),
(2696, 'L106914', 'PUJI KRISMANTO', '048202'),
(2697, 'W001303', 'TONI NURDIN', '048203'),
(2698, 'W002480', 'WALKIDI BIN REJO', '048204'),
(2699, 'W001305', 'A. RONI BIN IBRAHIM', '048205'),
(2700, 'W001306', 'ANWAR BIN DAUD', '048206'),
(2701, 'W001307', 'SAHIBULLAH', '048207'),
(2702, 'W001308', 'ALIMURSALIN BIN ZARKONI', '048208'),
(2703, 'W001309', 'MULYADI', '048209'),
(2704, 'W001310', 'YAMADI YABANI', '048210'),
(2705, 'W004146', 'PUGUH WINARNO', '048211'),
(2706, 'W001300', 'ABDUL RAHAMAN', '048212'),
(2707, 'W002954', 'AGUNG SULAIMAN', '048213'),
(2708, 'W001320', 'JOHN SWADEN SINAGA', '048301'),
(2709, 'W004174', 'WANDI', '048302'),
(2710, 'W001322', 'BAMBANG', '048303'),
(2711, 'W003341', 'SUTRISNO ADI', '048304'),
(2712, 'W001324', 'ASMADI BIN HASANUDIN', '048305'),
(2713, 'W001325', 'TOHARI', '048306'),
(2714, 'W001326', 'AJAS ASMARA BIN B', '048307'),
(2715, 'W001327', 'SUPRIADI B', '048308'),
(2716, 'W001328', 'USMAN EDY', '048309'),
(2717, 'W001329', 'TAKRIN S.', '048310'),
(2718, 'W003748', 'BASUKI RAHMAD', '048311'),
(2719, 'W003792', 'SUMARNO', '048312'),
(2720, 'W003342', 'M. WAHAB', '048313'),
(2721, 'W001350', 'JASMANTO', '048401'),
(2722, 'W001337', 'SUNYOTO', '048402'),
(2723, 'W001338', 'AZIZ HARTOYO', '048403'),
(2724, 'W001339', 'SULAIMAN BIN OHIM', '048404'),
(2725, 'W003865', 'BUDI SANTOSO', '048405'),
(2726, 'W004318', 'SYAFRIZAL', '048406'),
(2727, 'W001342', 'ENDANG BUJONO', '048407'),
(2728, 'W002955', 'ARIS KRISTIANA', '048408'),
(2729, 'W003910', 'TUGIYANTO', '048409'),
(2730, 'W001345', 'TASMAN B', '048410'),
(2731, 'W004241', 'IMAM MUKLIS', '048411'),
(2732, 'W003677', 'ENDAR SETYO H', '048412'),
(2733, 'W003957', 'DIDIK SUWARNO', '048413'),
(2734, 'W003678', 'NAFSIN HAFIS', '048501'),
(2735, 'W001353', 'PONIRAN', '048502'),
(2736, 'W001354', 'IMAM MUSLIM', '048503'),
(2737, 'W001366', 'MATTAMIN', '048504'),
(2738, 'W001356', 'SUYATNO BIN MISNI', '048505'),
(2739, 'W001357', 'M. SAPEI SISMANTO', '048506'),
(2740, 'W003866', 'TAUFUR', '048507'),
(2741, 'W001359', 'RASID', '048508'),
(2742, 'W003704', 'SURATMAN', '048509'),
(2743, 'W004223', 'IMAM BUKHORI', '048510'),
(2744, 'W003867', 'NANANG SARIPUDIN', '048511'),
(2745, 'W004164', 'M. HASANUDIN', '048512'),
(2746, 'W004109', 'NASIB SUPRIADIN', '048513'),
(2747, 'W002978', 'EKO BUDIANTORO', '048601'),
(2748, 'W004264', 'EKO MARGIANTO', '048602'),
(2749, 'W001370', 'HERMANSYAH', '048603'),
(2750, 'W001371', 'WAGINO', '048604'),
(2751, 'W004224', 'SAHARI', '048605'),
(2752, 'W002979', 'A. ABDUL ROSYID', '048606'),
(2753, 'W001374', 'WALIMAN BIN KAMTOSUWITO', '048607'),
(2754, 'W001375', 'PAIJAN', '048608'),
(2755, 'W001383', 'SAMINGAN', '048609'),
(2756, 'W004110', 'ARI KUSWANTO', '048610'),
(2757, 'W002877', 'ARIF TULODO', '048611'),
(2758, 'W001379', 'HABSON BIN MANAN', '048612'),
(2759, 'W001380', 'RATAM BIN WATUN', '048613'),
(2760, 'W004147', 'ALI MASNGADI', '048701'),
(2761, 'W002980', 'ASEP SAVALUDIN', '048702'),
(2762, 'W003782', 'ARAFIQ MUHAM', '048704'),
(2763, 'W002848', 'SUPARMIN BIN SASTRO', '048705'),
(2764, 'W003997', 'HERIYANTO', '048706'),
(2765, 'W001399', 'SUNARI', '048707'),
(2766, 'W002849', 'SUNARSO BIN SUKIBAN', '048708'),
(2767, 'W003343', 'MISBAHUDIN', '048709'),
(2768, 'W003680', 'IRWANTO', '048710'),
(2769, 'W001394', 'JAUHARI', '048711'),
(2770, 'W002878', 'ELING KANTI WASPODO', '048712'),
(2771, 'W003759', 'HERIUS SUPARNO', '048713'),
(2772, 'W004090', 'PARJONO', '048801'),
(2773, 'W002879', 'NUR KHOLID', '048802'),
(2774, 'W003805', 'WADI', '048803'),
(2775, 'W001403', 'KODIRAN', '048804'),
(2776, 'W001404', 'M. YASIN', '048805'),
(2777, 'W004083', 'EDI WIRAWAN', '048806'),
(2778, 'W001406', 'KHOIRUDIN', '048807'),
(2779, 'W001413', 'DADANG HIDAYAT', '048808'),
(2780, 'W001415', 'MUJAHIDIN', '048809'),
(2781, 'W003721', 'SUHARDIMAN', '048810'),
(2782, 'W001410', 'PAWIT', '048811'),
(2783, 'W004242', 'AAN KURNIAWAN', '048812'),
(2784, 'W003958', 'OONG SETIAWAN', '048813'),
(2785, 'W004437', 'ROHMADI', '048901'),
(2786, 'W001430', 'MUHAMMAD', '048902'),
(2787, 'W001418', 'M. ALI', '048903'),
(2788, 'W003959', 'WAHINA', '048904'),
(2789, 'W003960', 'DADANG SETIAWAN', '048905'),
(2790, 'W003344', 'RUSLAN', '048906'),
(2791, 'W003682', 'ARSADI', '048907'),
(2792, 'W001431', 'SURADI', '048908'),
(2793, 'W004061', 'FADIL MUSTAKIM', '048909'),
(2794, 'W001425', 'ENGKOS BIN SOLIHIN', '048910'),
(2795, 'W001426', 'WAHONO WIDODO', '048911'),
(2796, 'W001427', 'M. FIRDAUS', '048912'),
(2797, 'W004039', 'MARYADI', '048913'),
(2798, 'W001432', 'TUKINO', '049001'),
(2799, 'W004126', 'UNTUNG SUTRISNO', '049002'),
(2800, 'W002961', 'BAYU PURNOMO', '049003'),
(2801, 'W002448', 'ARKO SUPRASETYO', '049004'),
(2802, 'W001445', 'MAULANA RIFAI', '049005'),
(2803, 'W002982', 'SURYADI', '049006'),
(2804, 'W001438', 'TUMINO', '049007'),
(2805, 'W001439', 'M. SAMIN BIN HASAN', '049008'),
(2806, 'W001440', 'MASHURI', '049009'),
(2807, 'W003988', 'BANDARSYAH', '049010'),
(2808, 'W001447', 'NENDAR SURAHMIN', '049011'),
(2809, 'W003683', 'AGUS EDIANTO', '049012'),
(2810, 'W004127', 'SARKIM', '049013'),
(2811, 'W002962', 'BONDAN WIBISONO', '049101'),
(2812, 'W004291', 'RUSTAM EFFENDI', '049102'),
(2813, 'W001450', 'SAMPIRIN', '049103'),
(2814, 'W001451', 'RUSLI', '049104'),
(2815, 'W003131', 'SUSANTO', '049105'),
(2816, 'W002477', 'SUPARMIN', '049106'),
(2817, 'W001454', 'SASLI MULYADI B. ROSIT', '049107'),
(2818, 'W001455', 'NANANG SAPUTRA BIN DARSO', '049108'),
(2819, 'W001463', 'SUWARNO', '049109'),
(2820, 'W003000', 'HIDAYAT PURNOMO', '049110'),
(2821, 'W001458', 'WAGIRAN', '049111'),
(2822, 'W001462', 'SUYITNO', '049112'),
(2823, 'W001460', 'PATKURROHMAN BIN M. K', '049113'),
(2824, 'W001461', 'SOBRI', '049201'),
(2825, 'W001465', 'YAMINTO', '049202'),
(2826, 'W001466', 'KARYANI', '049203'),
(2827, 'W001467', 'YUDAS ISKARMIN', '049204'),
(2828, 'W001468', 'SAMTURI', '049205'),
(2829, 'W001469', 'SISWANTO', '049206'),
(2830, 'W003969', 'SUGIYANTO', '049207'),
(2831, 'W002880', 'BUDI PURNAWAN', '049208'),
(2832, 'W001558', 'FERY IRAWAN', '049209'),
(2833, 'W002449', 'HAMAIL', '049210'),
(2834, 'W001479', 'EDI CANDRA B. SUYATNO', '049211'),
(2835, 'W001475', 'ZAINI MUHAMAD', '049212'),
(2836, 'W001476', 'PURBO SANTOSO', '049213'),
(2837, 'W003345', 'EKO PURWANTO', '049301'),
(2838, 'W003346', 'AHMAD ZULFI', '049302'),
(2839, 'W002653', 'SLAMET SUGIONO', '049303'),
(2840, 'W001483', 'MARYONO', '049304'),
(2841, 'W001484', 'SUMARLAN', '049305'),
(2842, 'W001485', 'HATTA B. IBRAHIM', '049306'),
(2843, 'W004265', 'ALPIYANTO', '049307'),
(2844, 'W002668', 'MUHEINI', '049308'),
(2845, 'W001493', 'HERLANDI B. H. BASRI', '049309'),
(2846, 'W003989', 'HADI ISTAMAR', '049310'),
(2847, 'W001490', 'SUMEDI BIN RADIKUN', '049311'),
(2848, 'W004062', 'NUROHMAN', '049312'),
(2849, 'W002881', 'MUHAMMAD MISRI', '049313'),
(2850, 'W003853', 'SUBARDO', '049401'),
(2851, 'W001497', 'NGATEMIN', '049402'),
(2852, 'W002963', 'SUJARWO', '049403'),
(2853, 'W001511', 'ABDUL WANI AMIR', '049404'),
(2854, 'W003347', 'SUKARLAN', '049405'),
(2855, 'W002964', 'AWALUDIN', '049406'),
(2856, 'W002507', 'SUHANDI', '049407'),
(2857, 'W003892', 'NOPIYANTO', '049408'),
(2858, 'W001504', 'KAUSAR', '049409'),
(2859, 'W003006', 'TURINO', '049410'),
(2860, 'W001506', 'PUJIONO', '049411'),
(2861, 'W003684', 'MUHAMAD NUR\'AMIN', '049413'),
(2862, 'W001512', 'AHMAD KASTURUN', '049501'),
(2863, 'W001513', 'SISWANDI', '049502'),
(2864, 'W001514', 'BASRONI', '049503'),
(2865, 'W002474', 'RAHMAN SADIK', '049504'),
(2866, 'W001516', 'SUMADI', '049505'),
(2867, 'W004292', 'RUDI HARTONO', '049506'),
(2868, 'W001518', 'DAILANI AS', '049507'),
(2869, 'W003685', 'HOEB LASAHIDO', '049508'),
(2870, 'W001520', 'DARWANTO', '049509'),
(2871, 'W004148', 'SUNARTO', '049510'),
(2872, 'W003703', 'MARDIANTO', '049511'),
(2873, 'W001525', 'DARMAWAN BIN MAYAN', '049512'),
(2874, 'W003686', 'HENDI SUHENDI', '049513'),
(2875, 'W001528', 'BORIDA', '049601'),
(2876, 'W001529', 'SUHARJO', '049602'),
(2877, 'W004434', 'ROSADI', '049603'),
(2878, 'W003687', 'JUBAIDI', '049604'),
(2879, 'W001542', 'YANTO', '049605'),
(2880, 'W001543', 'NIKMATUROHMAN', '049606'),
(2881, 'W001534', 'JUNAIDI A', '049607'),
(2882, 'W004030', 'AGUS DWI WAHYUDI', '049608'),
(2883, 'W004111', 'IRWAN ADIANSA', '049609'),
(2884, 'W001537', 'SUPARDIAN', '049610'),
(2885, 'W001538', 'SUTINO', '049611'),
(2886, 'W001539', 'SUWARDI', '049612'),
(2887, 'W001540', 'SIISMANHADI', '049613'),
(2888, 'W001544', 'SUKIRMAN', '049701'),
(2889, 'W004063', 'AGUNG JAKA UTAMA', '049702'),
(2890, 'W003688', 'SUDARMANTO', '049703'),
(2891, 'W004031', 'ZUL ARIFIN', '049704'),
(2892, 'W001548', 'PUAT', '049705'),
(2893, 'W001549', 'AHMAD ZAINI', '049706'),
(2894, 'W004032', 'ZAENAL MUTAKIM', '049707'),
(2895, 'W001551', 'AHMAD DUKI', '049708'),
(2896, 'W001552', 'MUHAIMIN', '049709'),
(2897, 'W001553', 'KHOZIN', '049710'),
(2898, 'W001554', 'SUDARTO', '049711'),
(2899, 'W003793', 'BEDJO SANTOSO', '049712'),
(2900, 'W001556', 'MUSYADAT UMAR', '049713'),
(2901, 'W001557', 'ZULPAKAR', '049801'),
(2902, 'W001561', 'ARMAN BIN ROMLI', '049802'),
(2903, 'W004266', 'RUDIANTO', '049803'),
(2904, 'W002882', 'UDIN .SM', '049804'),
(2905, 'W004033', 'AHMAD ALIPIA', '049805'),
(2906, 'W001565', 'MUJIANTO', '049806'),
(2907, 'W001566', 'JONI BIN OSCAR', '049807'),
(2908, 'W001567', 'SAMSUDIN BIN BUSROH', '049808'),
(2909, 'W001568', 'BAIDURI', '049809'),
(2910, 'W001574', 'EDI HERIYANTO B. M. ALI', '049810'),
(2911, 'W001575', 'HUSNI THAMRIN BT', '049811'),
(2912, 'W001571', 'M. MASHUR', '049812'),
(2913, 'W001572', 'KASTURI', '049813'),
(2914, 'W001591', 'ZULKARNAEN BIN ABD', '049901'),
(2915, 'W001577', 'ZAINAL ARIFIN', '049902'),
(2916, 'W001578', 'WIDAYAT', '049903'),
(2917, 'W001579', 'SUGIYANTO BN HAMDANI', '049904'),
(2918, 'W001580', 'BAIHAKI', '049905'),
(2919, 'W004112', 'PARMANTO', '049906'),
(2920, 'W001589', 'MULYANTO', '049907'),
(2921, 'W001583', 'M. ZAHIDURDDIN', '049908'),
(2922, 'W001584', 'HOLIDI', '049909'),
(2923, 'W001590', 'PARJUNI', '049910'),
(2924, 'W001586', 'SUHERMAN B', '049911'),
(2925, 'W003868', 'IRWANSYAH', '049912'),
(2926, 'W001588', 'HASANUSI AFRISAL', '049913'),
(2927, 'W001606', 'AHD. SIHABUDIN', '04A001'),
(2928, 'W004441', 'SUPRIYADI', '04A002'),
(2929, 'W001594', 'SYARIFUDDIN', '04A003'),
(2930, 'W001595', 'RIZAL EFENDI', '04A004'),
(2931, 'W004149', 'NAJAMUDIN', '04A005'),
(2932, 'W002883', 'TUGIMAN', '04A006'),
(2933, 'W003348', 'NAZORI', '04A007'),
(2934, 'W001599', 'ARIP KORIANI', '04A008'),
(2935, 'W002884', 'MUNASIP', '04A009'),
(2936, 'W001601', 'SUMARNO B.', '04A010'),
(2937, 'W002885', 'SUMARDI', '04A011'),
(2938, 'W003689', 'MARJONO', '04A012'),
(2939, 'W001604', 'ROHADI', '04A013'),
(2940, 'W002652', 'SOFIAN SAHURI', '04A101'),
(2941, 'W002640', 'ROJIANTO', '04A102'),
(2942, 'W002886', 'EVI RIYANTO', '04A103'),
(2943, 'W003924', 'YUSWONO', '04A104'),
(2944, 'W004128', 'EKO BUDI SETIAWAN', '04A105'),
(2945, 'W002644', 'NURUDIN', '04A106'),
(2946, 'W002645', 'SURYANI', '04A107'),
(2947, 'W002646', 'AFRIWAN', '04A108'),
(2948, 'W002647', 'SUTARNO BIN IBRAHIM', '04A109'),
(2949, 'W002648', 'JIONO', '04A110'),
(2950, 'W002649', 'RUSMIN NURYADI', '04A111'),
(2951, 'W004165', 'ADI IRAWAN', '04A112'),
(2952, 'W002651', 'SAMINO', '04A113'),
(2953, 'W004308', 'FERIANDI', '04A201'),
(2954, 'W002656', 'TARIKUN', '04A202'),
(2955, 'W002657', 'HAPIAN BIN BANU', '04A203'),
(2956, 'W002658', 'EDI HUSNI', '04A204'),
(2957, 'W002670', 'SUDARMANTO', '04A205'),
(2958, 'W002660', 'ARIF NURAHMAN', '04A206'),
(2959, 'W002661', 'PARTOHASIM BIN B. SUPARTO', '04A207'),
(2960, 'W002662', 'TOTOK RIADI', '04A208'),
(2961, 'W002663', 'KALIMIK LASE', '04A209'),
(2962, 'W002664', 'ROHMAN H', '04A210'),
(2963, 'W002665', 'ARIANTO', '04A211'),
(2964, 'W002666', 'WARIJAN', '04A212'),
(2965, 'W002667', 'TAMRIN BIN ZAHRI IS.', '04A213');

-- --------------------------------------------------------

--
-- Table structure for table `posisi`
--

CREATE TABLE `posisi` (
  `id` int(11) NOT NULL,
  `nama` varchar(255) DEFAULT NULL
) ENGINE=InnoDB DEFAULT CHARSET=latin1;

--
-- Dumping data for table `posisi`
--

INSERT INTO `posisi` (`id`, `nama`) VALUES
(1, 'IT'),
(2, 'HRD'),
(3, 'Keuangan'),
(4, 'Produk'),
(5, 'Web Developer');

--
-- Indexes for dumped tables
--

--
-- Indexes for table `admin`
--
ALTER TABLE `admin`
  ADD PRIMARY KEY (`id`);

--
-- Indexes for table `agen`
--
ALTER TABLE `agen`
  ADD PRIMARY KEY (`id`);

--
-- Indexes for table `benur`
--
ALTER TABLE `benur`
  ADD PRIMARY KEY (`id`);

--
-- Indexes for table `benur_jenis`
--
ALTER TABLE `benur_jenis`
  ADD PRIMARY KEY (`id`);

--
-- Indexes for table `benur_kode`
--
ALTER TABLE `benur_kode`
  ADD PRIMARY KEY (`id`);

--
-- Indexes for table `kelamin`
--
ALTER TABLE `kelamin`
  ADD PRIMARY KEY (`id`);

--
-- Indexes for table `kota`
--
ALTER TABLE `kota`
  ADD PRIMARY KEY (`id`);

--
-- Indexes for table `petambak`
--
ALTER TABLE `petambak`
  ADD PRIMARY KEY (`id`);

--
-- Indexes for table `posisi`
--
ALTER TABLE `posisi`
  ADD PRIMARY KEY (`id`);

--
-- AUTO_INCREMENT for dumped tables
--

--
-- AUTO_INCREMENT for table `admin`
--
ALTER TABLE `admin`
  MODIFY `id` int(11) NOT NULL AUTO_INCREMENT, AUTO_INCREMENT=3;

--
-- AUTO_INCREMENT for table `agen`
--
ALTER TABLE `agen`
  MODIFY `id` int(11) NOT NULL AUTO_INCREMENT, AUTO_INCREMENT=109;

--
-- AUTO_INCREMENT for table `benur`
--
ALTER TABLE `benur`
  MODIFY `id` int(11) NOT NULL AUTO_INCREMENT, AUTO_INCREMENT=32;

--
-- AUTO_INCREMENT for table `benur_jenis`
--
ALTER TABLE `benur_jenis`
  MODIFY `id` int(11) NOT NULL AUTO_INCREMENT, AUTO_INCREMENT=4;

--
-- AUTO_INCREMENT for table `benur_kode`
--
ALTER TABLE `benur_kode`
  MODIFY `id` int(11) NOT NULL AUTO_INCREMENT;

--
-- AUTO_INCREMENT for table `kota`
--
ALTER TABLE `kota`
  MODIFY `id` int(11) NOT NULL AUTO_INCREMENT, AUTO_INCREMENT=23;

--
-- AUTO_INCREMENT for table `petambak`
--
ALTER TABLE `petambak`
  MODIFY `id` int(11) NOT NULL AUTO_INCREMENT, AUTO_INCREMENT=2966;

--
-- AUTO_INCREMENT for table `posisi`
--
ALTER TABLE `posisi`
  MODIFY `id` int(11) NOT NULL AUTO_INCREMENT, AUTO_INCREMENT=6;
COMMIT;

/*!40101 SET CHARACTER_SET_CLIENT=@OLD_CHARACTER_SET_CLIENT */;
/*!40101 SET CHARACTER_SET_RESULTS=@OLD_CHARACTER_SET_RESULTS */;
/*!40101 SET COLLATION_CONNECTION=@OLD_COLLATION_CONNECTION */;
